"Time","requests","limits","usage","profiling"
2021-06-01 20:31:10,,,,0
2021-06-01 20:31:15,,,,0
2021-06-01 20:31:20,,,,0
2021-06-01 20:31:25,,,,0
2021-06-01 20:31:30,,,,0
2021-06-01 20:31:35,,,,0
2021-06-01 20:31:40,,,,0
2021-06-01 20:31:45,,,,0
2021-06-01 20:31:50,,,,0
2021-06-01 20:31:55,,,0.0366,0
2021-06-01 20:32:00,,,0.0366,0
2021-06-01 20:32:05,,,0.0366,0
2021-06-01 20:32:10,,,0.0366,0
2021-06-01 20:32:15,,,0.0366,0
2021-06-01 20:32:20,,,0.0366,0
2021-06-01 20:32:25,,,0.0490,0
2021-06-01 20:32:30,,,0.0490,0
2021-06-01 20:32:35,,,0.0490,0
2021-06-01 20:32:40,,,0.0490,0
2021-06-01 20:32:45,,,0.0490,0
2021-06-01 20:32:50,,,0.0490,0
2021-06-01 20:32:55,,,0.0821,0
2021-06-01 20:33:00,,,0.0821,0
2021-06-01 20:33:05,,,0.0821,0
2021-06-01 20:33:10,,,0.0821,0
2021-06-01 20:33:15,,,0.0821,0
2021-06-01 20:33:20,,,0.0821,0
2021-06-01 20:33:25,,,0.130,0.0831
2021-06-01 20:33:30,,,0.130,0.0831
2021-06-01 20:33:35,,,0.130,0.0831
2021-06-01 20:33:40,,,0.130,0.0831
2021-06-01 20:33:45,,,0.130,0.0831
2021-06-01 20:33:50,,,0.130,0.0831
2021-06-01 20:33:55,,,0.188,0.0831
2021-06-01 20:34:00,,,0.188,0.0831
2021-06-01 20:34:05,,,0.188,0.0831
2021-06-01 20:34:10,,,0.188,0.0831
2021-06-01 20:34:15,,,0.188,0.0831
2021-06-01 20:34:20,,,0.188,0.0831
2021-06-01 20:34:25,,,0.266,0.0831
2021-06-01 20:34:30,,,0.266,0.0831
2021-06-01 20:34:35,,,0.266,0.0831
2021-06-01 20:34:40,,,0.266,0.0831
2021-06-01 20:34:45,,,0.266,0.0831
2021-06-01 20:34:50,,,0.266,0.0831
2021-06-01 20:34:55,,,0.344,0.0831
2021-06-01 20:35:00,,,0.344,0.0831
2021-06-01 20:35:05,,,0.344,0.0831
2021-06-01 20:35:10,,,0.344,0.0831
2021-06-01 20:35:15,,,0.344,0.0831
2021-06-01 20:35:20,,,0.344,0.0831
2021-06-01 20:35:25,,,0.437,0.0831
2021-06-01 20:35:30,,,0.437,0.0831
2021-06-01 20:35:35,,,0.437,0.0831
2021-06-01 20:35:40,,,0.437,0.0831
2021-06-01 20:35:45,,,0.437,0.0831
2021-06-01 20:35:50,,,0.437,0.0831
2021-06-01 20:35:55,,,0.554,0.436
2021-06-01 20:36:00,,,0.554,0.436
2021-06-01 20:36:05,,,0.554,0.436
2021-06-01 20:36:10,,,0.554,0.436
2021-06-01 20:36:15,,,0.554,0.436
2021-06-01 20:36:20,,,0.554,0.436
2021-06-01 20:36:25,,,0.674,0.436
2021-06-01 20:36:30,,,0.674,0.436
2021-06-01 20:36:35,,,0.674,0.436
2021-06-01 20:36:40,,,0.674,0.436
2021-06-01 20:36:45,,,0.674,0.436
2021-06-01 20:36:50,,,0.674,0.436
2021-06-01 20:36:55,,,0.800,0.436
2021-06-01 20:37:00,,,0.800,0.436
2021-06-01 20:37:05,,,0.800,0.436
2021-06-01 20:37:10,,,0.800,0.436
2021-06-01 20:37:15,,,0.800,0.436
2021-06-01 20:37:20,,,0.800,0.436
2021-06-01 20:37:25,,,0.939,0.436
2021-06-01 20:37:30,,,0.939,0.436
2021-06-01 20:37:35,,,0.939,0.436
2021-06-01 20:37:40,,,0.939,0.436
2021-06-01 20:37:45,,,0.939,0.436
2021-06-01 20:37:50,,,0.939,0.436
2021-06-01 20:37:55,,,1.09,0.436
2021-06-01 20:38:00,,,1.09,0.436
2021-06-01 20:38:05,,,1.09,0.436
2021-06-01 20:38:10,,,1.09,0.436
2021-06-01 20:38:15,,,1.09,0.436
2021-06-01 20:38:20,,,1.09,0.436
2021-06-01 20:38:25,,,1.18,1.08
2021-06-01 20:38:30,,,1.18,1.08
2021-06-01 20:38:35,,,1.18,1.08
2021-06-01 20:38:40,,,1.18,1.08
2021-06-01 20:38:45,,,1.18,1.08
2021-06-01 20:38:50,,,1.18,1.08
2021-06-01 20:38:55,,,1.34,1.08
2021-06-01 20:39:00,,,1.34,1.08
2021-06-01 20:39:05,,,1.34,1.08
2021-06-01 20:39:10,,,1.34,1.08
2021-06-01 20:39:15,,,1.34,1.08
2021-06-01 20:39:20,,,1.34,1.08
2021-06-01 20:39:25,,,1.48,1.08
2021-06-01 20:39:30,,,1.48,1.08
2021-06-01 20:39:35,,,1.48,1.08
2021-06-01 20:39:40,,,1.48,1.08
2021-06-01 20:39:45,,,1.48,1.08
2021-06-01 20:39:50,,,1.48,1.08
2021-06-01 20:39:55,,,1.59,1.08
2021-06-01 20:40:00,,,1.59,1.08
2021-06-01 20:40:05,,,1.59,1.08
2021-06-01 20:40:10,,,1.59,1.08
2021-06-01 20:40:15,,,1.59,1.08
2021-06-01 20:40:20,,,1.59,1.08
2021-06-01 20:40:25,,,1.73,1.08
2021-06-01 20:40:30,,,1.73,1.08
2021-06-01 20:40:35,,,1.73,1.08
2021-06-01 20:40:40,,,1.73,1.08
2021-06-01 20:40:45,,,1.73,1.08
2021-06-01 20:40:50,,,1.73,1.08
2021-06-01 20:40:55,1.77,3.01,1.85,1.71
2021-06-01 20:41:00,2.11,3.58,1.85,1.71
2021-06-01 20:41:05,2.11,3.58,1.85,1.71
2021-06-01 20:41:10,2.11,3.58,1.85,1.71
2021-06-01 20:41:15,2.11,3.58,1.85,1.71
2021-06-01 20:41:20,2.11,3.58,1.85,1.71
2021-06-01 20:41:25,2.11,3.58,0.873,1.71
2021-06-01 20:41:30,2.11,3.58,0.873,1.71
2021-06-01 20:41:35,2.11,3.58,0.873,1.71
2021-06-01 20:41:40,2.11,3.58,0.873,1.71
2021-06-01 20:41:45,2.11,3.58,0.873,1.71
2021-06-01 20:41:50,2.11,3.58,0.873,1.71
2021-06-01 20:41:55,2.11,3.58,0.285,1.71
2021-06-01 20:42:00,2.11,3.58,0.285,1.71
2021-06-01 20:42:05,2.11,3.58,0.285,1.71
2021-06-01 20:42:10,2.11,3.58,0.285,1.71
2021-06-01 20:42:15,2.11,3.58,0.285,1.71
2021-06-01 20:42:20,2.11,3.58,0.285,1.71
2021-06-01 20:42:25,2.11,3.58,0.542,1.71
2021-06-01 20:42:30,2.11,3.58,0.542,1.71
2021-06-01 20:42:35,2.11,3.58,0.542,1.71
2021-06-01 20:42:40,2.11,3.58,0.542,1.71
2021-06-01 20:42:45,2.11,3.58,0.542,1.71
2021-06-01 20:42:50,2.11,3.58,0.542,1.71
2021-06-01 20:42:55,2.11,3.58,0.814,1.71
2021-06-01 20:43:00,2.11,3.58,0.814,1.71
2021-06-01 20:43:05,2.11,3.58,0.814,1.71
2021-06-01 20:43:10,2.11,3.58,0.814,1.71
2021-06-01 20:43:15,2.11,3.58,0.814,1.71
2021-06-01 20:43:20,2.11,3.58,0.814,1.71
2021-06-01 20:43:25,2.11,3.58,0.998,1.71
2021-06-01 20:43:30,2.11,3.58,0.998,1.68
2021-06-01 20:43:35,2.11,3.58,0.998,1.68
2021-06-01 20:43:40,2.11,3.58,0.998,1.68
2021-06-01 20:43:45,2.11,3.58,0.998,1.68
2021-06-01 20:43:50,2.11,3.58,0.998,1.68
2021-06-01 20:43:55,2.11,3.58,1.30,1.68
2021-06-01 20:44:00,2.11,3.58,1.30,1.68
2021-06-01 20:44:05,2.11,3.58,1.30,1.68
2021-06-01 20:44:10,2.11,3.58,1.30,1.68
2021-06-01 20:44:15,2.11,3.58,1.30,1.68
2021-06-01 20:44:20,2.11,3.58,1.30,1.68
2021-06-01 20:44:25,2.11,3.58,1.52,1.68
2021-06-01 20:44:30,2.11,3.58,1.52,1.68
2021-06-01 20:44:35,2.11,3.58,1.52,1.68
2021-06-01 20:44:40,2.11,3.58,1.52,1.68
2021-06-01 20:44:45,2.11,3.58,1.52,1.68
2021-06-01 20:44:50,2.11,3.58,1.52,1.68
2021-06-01 20:44:55,2.11,3.58,1.76,1.68
2021-06-01 20:45:00,2.11,3.58,1.76,1.68
2021-06-01 20:45:05,2.11,3.58,1.76,1.68
2021-06-01 20:45:10,2.11,3.58,1.76,1.68
2021-06-01 20:45:15,2.11,3.58,1.76,1.68
2021-06-01 20:45:20,2.11,3.58,1.76,1.68
2021-06-01 20:45:25,2.11,3.58,1.98,1.68
2021-06-01 20:45:30,2.11,3.58,1.98,1.68
2021-06-01 20:45:35,2.11,3.58,1.98,1.68
2021-06-01 20:45:40,2.11,3.58,1.98,1.68
2021-06-01 20:45:45,2.11,3.58,1.98,1.68
2021-06-01 20:45:50,2.11,3.58,1.98,1.68
2021-06-01 20:45:55,2.11,3.58,2.23,1.68
2021-06-01 20:46:00,2.76,4.68,2.23,1.92
2021-06-01 20:46:05,2.76,4.68,2.23,1.92
2021-06-01 20:46:10,2.58,4.37,2.23,1.92
2021-06-01 20:46:15,2.58,4.37,2.23,1.92
2021-06-01 20:46:20,2.34,3.98,2.23,1.92
2021-06-01 20:46:25,2.34,3.98,1.75,1.92
2021-06-01 20:46:30,2.34,3.98,1.75,1.92
2021-06-01 20:46:35,2.34,3.98,1.75,1.92
2021-06-01 20:46:40,2.34,3.98,1.75,1.92
2021-06-01 20:46:45,2.34,3.98,1.75,1.92
2021-06-01 20:46:50,2.34,3.98,1.75,1.92
2021-06-01 20:46:55,2.34,3.98,1.89,1.92
2021-06-01 20:47:00,2.34,3.98,1.89,1.92
2021-06-01 20:47:05,2.34,3.98,1.89,1.92
2021-06-01 20:47:10,2.34,3.98,1.89,1.92
2021-06-01 20:47:15,2.34,3.98,1.89,1.92
2021-06-01 20:47:20,2.34,3.98,1.89,1.92
2021-06-01 20:47:25,2.34,3.98,2.05,1.92
2021-06-01 20:47:30,2.34,3.98,2.05,1.92
2021-06-01 20:47:35,2.34,3.98,2.05,1.92
2021-06-01 20:47:40,2.34,3.98,2.05,1.92
2021-06-01 20:47:45,2.34,3.98,2.05,1.92
2021-06-01 20:47:50,2.34,3.98,2.05,1.92
2021-06-01 20:47:55,2.34,3.98,2.20,1.92
2021-06-01 20:48:00,2.34,3.98,2.20,1.92
2021-06-01 20:48:05,2.34,3.98,2.20,1.92
2021-06-01 20:48:10,2.34,3.98,2.20,1.92
2021-06-01 20:48:15,2.34,3.98,2.20,1.92
2021-06-01 20:48:20,2.34,3.98,2.20,1.92
2021-06-01 20:48:25,2.34,3.98,2.27,1.92
2021-06-01 20:48:30,4.43,7.53,2.27,2.32
2021-06-01 20:48:35,4.11,6.99,2.27,2.32
2021-06-01 20:48:40,3.62,6.15,2.27,2.32
2021-06-01 20:48:45,3.62,6.15,2.27,2.32
2021-06-01 20:48:50,3.62,6.15,2.27,2.32
2021-06-01 20:48:55,3.62,6.15,1.53,2.32
2021-06-01 20:49:00,3.03,5.15,1.53,2.32
2021-06-01 20:49:05,3.03,5.15,1.53,2.32
2021-06-01 20:49:10,3.03,5.15,1.53,2.32
2021-06-01 20:49:15,3.03,5.15,1.53,2.32
2021-06-01 20:49:20,3.03,5.15,1.53,2.32
2021-06-01 20:49:25,3.03,5.15,0.999,2.32
2021-06-01 20:49:30,3.03,5.15,0.999,2.32
2021-06-01 20:49:35,3.03,5.15,0.999,2.32
2021-06-01 20:49:40,3.03,5.15,0.999,2.32
2021-06-01 20:49:45,3.03,5.15,0.999,2.32
2021-06-01 20:49:50,3.03,5.15,0.999,2.32
2021-06-01 20:49:55,3.03,5.15,1.31,2.32
2021-06-01 20:50:00,3.03,5.15,1.31,2.32
2021-06-01 20:50:05,3.03,5.15,1.31,2.32
2021-06-01 20:50:10,3.03,5.15,1.31,2.32
2021-06-01 20:50:15,3.03,5.15,1.31,2.32
2021-06-01 20:50:20,3.03,5.15,1.31,2.32
2021-06-01 20:50:25,3.03,5.15,1.56,2.32
2021-06-01 20:50:30,3.03,5.15,1.56,2.32
2021-06-01 20:50:35,3.03,5.15,1.56,2.32
2021-06-01 20:50:40,3.03,5.15,1.56,2.32
2021-06-01 20:50:45,3.03,5.15,1.56,2.32
2021-06-01 20:50:50,3.03,5.15,1.56,2.32
2021-06-01 20:50:55,3.03,5.15,1.89,2.32
2021-06-01 20:51:00,3.53,6.00,1.89,2.36
2021-06-01 20:51:05,3.53,6.00,1.89,2.36
2021-06-01 20:51:10,2.92,4.97,1.89,2.36
2021-06-01 20:51:15,2.92,4.97,1.89,2.36
2021-06-01 20:51:20,2.92,4.97,1.89,2.36
2021-06-01 20:51:25,2.92,4.97,1.78,2.36
2021-06-01 20:51:30,2.92,4.97,1.78,2.36
2021-06-01 20:51:35,2.92,4.97,1.78,2.36
2021-06-01 20:51:40,2.92,4.97,1.78,2.36
2021-06-01 20:51:45,2.92,4.97,1.78,2.36
2021-06-01 20:51:50,2.92,4.97,1.78,2.36
2021-06-01 20:51:55,2.92,4.97,2.00,2.36
2021-06-01 20:52:00,2.92,4.97,2.00,2.36
2021-06-01 20:52:05,2.92,4.97,2.00,2.36
2021-06-01 20:52:10,2.92,4.97,2.00,2.36
2021-06-01 20:52:15,2.92,4.97,2.00,2.36
2021-06-01 20:52:20,2.92,4.97,2.00,2.36
2021-06-01 20:52:25,2.92,4.97,2.25,2.36
2021-06-01 20:52:30,2.92,4.97,2.25,2.36
2021-06-01 20:52:35,2.92,4.97,2.25,2.36
2021-06-01 20:52:40,2.92,4.97,2.25,2.36
2021-06-01 20:52:45,2.92,4.97,2.25,2.36
2021-06-01 20:52:50,2.92,4.97,2.25,2.36
2021-06-01 20:52:55,2.92,4.97,2.41,2.36
2021-06-01 20:53:00,2.92,4.97,2.41,2.36
2021-06-01 20:53:05,2.92,4.97,2.41,2.36
2021-06-01 20:53:10,2.92,4.97,2.41,2.36
2021-06-01 20:53:15,2.92,4.97,2.41,2.36
2021-06-01 20:53:20,2.92,4.97,2.41,2.36
2021-06-01 20:53:25,2.92,4.97,2.66,2.36
2021-06-01 20:53:30,2.92,4.97,2.66,2.36
2021-06-01 20:53:35,3.92,6.66,2.66,2.46
2021-06-01 20:53:40,3.49,5.94,2.66,2.46
2021-06-01 20:53:45,3.49,5.94,2.66,2.46
2021-06-01 20:53:50,3.49,5.94,2.66,2.46
2021-06-01 20:53:55,3.49,5.94,2.54,2.46
2021-06-01 20:54:00,2.42,4.11,2.54,2.46
2021-06-01 20:54:05,2.42,4.11,2.54,2.46
2021-06-01 20:54:10,2.42,4.11,2.54,2.46
2021-06-01 20:54:15,2.42,4.11,2.54,2.46
2021-06-01 20:54:20,2.42,4.11,2.54,2.46
2021-06-01 20:54:25,2.42,4.11,1.66,2.46
2021-06-01 20:54:30,2.42,4.11,1.66,2.46
2021-06-01 20:54:35,2.42,4.11,1.66,2.46
2021-06-01 20:54:40,2.42,4.11,1.66,2.46
2021-06-01 20:54:45,2.42,4.11,1.66,2.46
2021-06-01 20:54:50,2.42,4.11,1.66,2.46
2021-06-01 20:54:55,2.42,4.11,1.93,2.46
2021-06-01 20:55:00,2.42,4.11,1.93,2.46
2021-06-01 20:55:05,2.42,4.11,1.93,2.46
2021-06-01 20:55:10,2.42,4.11,1.93,2.46
2021-06-01 20:55:15,2.42,4.11,1.93,2.46
2021-06-01 20:55:20,2.42,4.11,1.93,2.46
2021-06-01 20:55:25,2.42,4.11,2.12,2.46
2021-06-01 20:55:30,2.42,4.11,2.12,2.46
2021-06-01 20:55:35,2.42,4.11,2.12,2.46
2021-06-01 20:55:40,2.42,4.11,2.12,2.46
2021-06-01 20:55:45,2.42,4.11,2.12,2.46
2021-06-01 20:55:50,2.42,4.11,2.12,2.46
2021-06-01 20:55:55,2.42,4.11,2.24,2.46
2021-06-01 20:56:00,2.42,4.11,2.24,2.46
2021-06-01 20:56:05,4.57,7.77,2.24,2.62
2021-06-01 20:56:10,4.57,7.77,2.24,2.62
2021-06-01 20:56:15,4.57,7.77,2.24,2.62
2021-06-01 20:56:20,3.84,6.53,2.24,2.62
2021-06-01 20:56:25,3.84,6.53,1.46,2.62
2021-06-01 20:56:30,3.17,5.39,1.46,2.62
2021-06-01 20:56:35,3.17,5.39,1.46,2.62
2021-06-01 20:56:40,3.17,5.39,1.46,2.62
2021-06-01 20:56:45,3.17,5.39,1.46,2.62
2021-06-01 20:56:50,3.17,5.39,1.46,2.62
2021-06-01 20:56:55,3.17,5.39,1.19,2.62
2021-06-01 20:57:00,3.17,5.39,1.19,2.62
2021-06-01 20:57:05,3.17,5.39,1.19,2.62
2021-06-01 20:57:10,3.17,5.39,1.19,2.62
2021-06-01 20:57:15,3.17,5.39,1.19,2.62
2021-06-01 20:57:20,3.17,5.39,1.19,2.62
2021-06-01 20:57:25,3.17,5.39,1.44,2.62
2021-06-01 20:57:30,3.17,5.39,1.44,2.62
2021-06-01 20:57:35,3.17,5.39,1.44,2.62
2021-06-01 20:57:40,3.17,5.39,1.44,2.62
2021-06-01 20:57:45,3.17,5.39,1.44,2.62
2021-06-01 20:57:50,3.17,5.39,1.44,2.62
2021-06-01 20:57:55,3.17,5.39,1.66,2.62
2021-06-01 20:58:00,3.17,5.39,1.66,2.62
2021-06-01 20:58:05,3.17,5.39,1.66,2.62
2021-06-01 20:58:10,3.17,5.39,1.66,2.62
2021-06-01 20:58:15,3.17,5.39,1.66,2.62
2021-06-01 20:58:20,3.17,5.39,1.66,2.62
2021-06-01 20:58:25,3.17,5.39,1.93,2.62
2021-06-01 20:58:30,3.17,5.39,1.93,2.62
2021-06-01 20:58:35,3.98,6.76,1.93,2.51
2021-06-01 20:58:40,3.98,6.76,1.93,2.51
2021-06-01 20:58:45,3.98,6.76,1.93,2.51
2021-06-01 20:58:50,3.98,6.76,1.93,2.51
2021-06-01 20:58:55,3.98,6.76,2.19,2.51
2021-06-01 20:59:00,2.91,4.94,2.19,2.51
2021-06-01 20:59:05,2.91,4.94,2.19,2.51
2021-06-01 20:59:10,2.91,4.94,2.19,2.51
2021-06-01 20:59:15,2.91,4.94,2.19,2.51
2021-06-01 20:59:20,2.91,4.94,2.19,2.51
2021-06-01 20:59:25,2.91,4.94,1.89,2.51
2021-06-01 20:59:30,2.91,4.94,1.89,2.51
2021-06-01 20:59:35,2.91,4.94,1.89,2.51
2021-06-01 20:59:40,2.91,4.94,1.89,2.51
2021-06-01 20:59:45,2.91,4.94,1.89,2.51
2021-06-01 20:59:50,2.91,4.94,1.89,2.51
2021-06-01 20:59:55,2.91,4.94,2.06,2.51
2021-06-01 21:00:00,2.91,4.94,2.06,2.51
2021-06-01 21:00:05,2.91,4.94,2.06,2.51
2021-06-01 21:00:10,2.91,4.94,2.06,2.51
2021-06-01 21:00:15,2.91,4.94,2.06,2.51
2021-06-01 21:00:20,2.91,4.94,2.06,2.51
2021-06-01 21:00:25,2.91,4.94,2.31,2.51
2021-06-01 21:00:30,2.91,4.94,2.31,2.51
2021-06-01 21:00:35,2.91,4.94,2.31,2.51
2021-06-01 21:00:40,2.91,4.94,2.31,2.51
2021-06-01 21:00:45,2.91,4.94,2.31,2.51
2021-06-01 21:00:50,2.91,4.94,2.31,2.51
2021-06-01 21:00:55,2.91,4.94,2.51,2.51
2021-06-01 21:01:00,2.91,4.94,2.51,2.51
2021-06-01 21:01:05,4.24,7.20,2.51,2.51
2021-06-01 21:01:10,4.24,7.20,2.51,2.51
2021-06-01 21:01:15,4.24,7.20,2.51,2.51
2021-06-01 21:01:20,3.31,5.63,2.51,2.51
2021-06-01 21:01:25,3.31,5.63,1.73,2.51
2021-06-01 21:01:30,2.81,4.77,1.73,2.51
2021-06-01 21:01:35,2.81,4.77,1.73,2.51
2021-06-01 21:01:40,2.81,4.77,1.73,2.51
2021-06-01 21:01:45,2.81,4.77,1.73,2.51
2021-06-01 21:01:50,2.81,4.77,1.73,2.51
2021-06-01 21:01:55,2.81,4.77,1.50,2.51
2021-06-01 21:02:00,2.81,4.77,1.50,2.51
2021-06-01 21:02:05,2.81,4.77,1.50,2.51
2021-06-01 21:02:10,2.81,4.77,1.50,2.51
2021-06-01 21:02:15,2.81,4.77,1.50,2.51
2021-06-01 21:02:20,2.81,4.77,1.50,2.51
2021-06-01 21:02:25,2.81,4.77,1.69,2.51
2021-06-01 21:02:30,2.81,4.77,1.69,2.51
2021-06-01 21:02:35,2.81,4.77,1.69,2.51
2021-06-01 21:02:40,2.81,4.77,1.69,2.51
2021-06-01 21:02:45,2.81,4.77,1.69,2.51
2021-06-01 21:02:50,2.81,4.77,1.69,2.51
2021-06-01 21:02:55,2.81,4.77,1.95,2.51
2021-06-01 21:03:00,2.81,4.77,1.95,2.51
2021-06-01 21:03:05,2.81,4.77,1.95,2.51
2021-06-01 21:03:10,2.81,4.77,1.95,2.51
2021-06-01 21:03:15,2.81,4.77,1.95,2.51
2021-06-01 21:03:20,2.81,4.77,1.95,2.51
2021-06-01 21:03:25,2.81,4.77,2.23,2.51
2021-06-01 21:03:30,2.81,4.77,2.23,2.51
2021-06-01 21:03:35,3.59,6.11,2.23,2.53
2021-06-01 21:03:40,3.59,6.11,2.23,2.53
2021-06-01 21:03:45,3.59,6.11,2.23,2.53
2021-06-01 21:03:50,3.39,5.76,2.23,2.53
2021-06-01 21:03:55,3.39,5.76,2.30,2.53
2021-06-01 21:04:00,3.06,5.20,2.30,2.53
2021-06-01 21:04:05,3.06,5.20,2.30,2.53
2021-06-01 21:04:10,3.06,5.20,2.30,2.53
2021-06-01 21:04:15,3.06,5.20,2.30,2.53
2021-06-01 21:04:20,3.06,5.20,2.30,2.53
2021-06-01 21:04:25,3.06,5.20,2.26,2.53
2021-06-01 21:04:30,3.06,5.20,2.26,2.53
2021-06-01 21:04:35,3.06,5.20,2.26,2.53
2021-06-01 21:04:40,3.06,5.20,2.26,2.53
2021-06-01 21:04:45,3.06,5.20,2.26,2.53
2021-06-01 21:04:50,3.06,5.20,2.26,2.53
2021-06-01 21:04:55,3.06,5.20,2.51,2.53
2021-06-01 21:05:00,3.06,5.20,2.51,2.53
2021-06-01 21:05:05,3.06,5.20,2.51,2.53
2021-06-01 21:05:10,3.06,5.20,2.51,2.53
2021-06-01 21:05:15,3.06,5.20,2.51,2.53
2021-06-01 21:05:20,3.06,5.20,2.51,2.53
2021-06-01 21:05:25,3.06,5.20,2.74,2.53
2021-06-01 21:05:30,3.06,5.20,2.74,2.53
2021-06-01 21:05:35,3.06,5.20,2.74,2.53
2021-06-01 21:05:40,3.06,5.20,2.74,2.53
2021-06-01 21:05:45,3.06,5.20,2.74,2.53
2021-06-01 21:05:50,3.06,5.20,2.74,2.53
2021-06-01 21:05:55,3.06,5.20,2.88,2.53
2021-06-01 21:06:00,3.06,5.20,2.88,2.53
2021-06-01 21:06:05,3.06,5.20,2.88,2.53
2021-06-01 21:06:10,4.88,8.29,2.88,2.85
2021-06-01 21:06:15,4.88,8.29,2.88,2.85
2021-06-01 21:06:20,4.26,7.25,2.88,2.85
2021-06-01 21:06:25,4.26,7.25,2.21,2.85
2021-06-01 21:06:30,4.26,7.25,2.21,2.85
2021-06-01 21:06:35,4.26,7.25,2.21,2.85
2021-06-01 21:06:40,3.46,5.87,2.21,2.85
2021-06-01 21:06:45,3.46,5.87,2.21,2.85
2021-06-01 21:06:50,3.46,5.87,2.21,2.85
2021-06-01 21:06:55,3.46,5.87,1.49,2.85
2021-06-01 21:07:00,3.46,5.87,1.49,2.85
2021-06-01 21:07:05,3.46,5.87,1.49,2.85
2021-06-01 21:07:10,3.46,5.87,1.49,2.85
2021-06-01 21:07:15,3.46,5.87,1.49,2.85
2021-06-01 21:07:20,3.32,5.65,1.49,2.85
2021-06-01 21:07:25,3.32,5.65,1.69,2.85
2021-06-01 21:07:30,3.32,5.65,1.69,2.85
2021-06-01 21:07:35,3.32,5.65,1.69,2.85
2021-06-01 21:07:40,3.32,5.65,1.69,2.85
2021-06-01 21:07:45,3.32,5.65,1.69,2.85
2021-06-01 21:07:50,3.32,5.65,1.69,2.85
2021-06-01 21:07:55,3.32,5.65,1.90,2.85
2021-06-01 21:08:00,3.32,5.65,1.90,2.85
2021-06-01 21:08:05,3.32,5.65,1.90,2.85
2021-06-01 21:08:10,3.32,5.65,1.90,2.85
2021-06-01 21:08:15,3.32,5.65,1.90,2.85
2021-06-01 21:08:20,3.32,5.65,1.90,2.85
2021-06-01 21:08:25,3.32,5.65,2.17,2.85
2021-06-01 21:08:30,3.32,5.65,2.17,2.85
2021-06-01 21:08:35,3.32,5.65,2.17,2.85
2021-06-01 21:08:40,4.13,7.02,2.17,2.87
2021-06-01 21:08:45,4.13,7.02,2.17,2.87
2021-06-01 21:08:50,3.81,6.48,2.17,2.87
2021-06-01 21:08:55,3.81,6.48,2.03,2.87
2021-06-01 21:09:00,3.32,5.65,2.03,2.87
2021-06-01 21:09:05,3.32,5.65,2.03,2.87
2021-06-01 21:09:10,3.32,5.65,2.03,2.87
2021-06-01 21:09:15,3.32,5.65,2.03,2.87
2021-06-01 21:09:20,3.32,5.65,2.03,2.87
2021-06-01 21:09:25,3.32,5.65,1.71,2.87
2021-06-01 21:09:30,3.32,5.65,1.71,2.87
2021-06-01 21:09:35,3.32,5.65,1.71,2.87
2021-06-01 21:09:40,3.32,5.65,1.71,2.87
2021-06-01 21:09:45,3.32,5.65,1.71,2.87
2021-06-01 21:09:50,3.32,5.65,1.71,2.87
2021-06-01 21:09:55,3.32,5.65,2.07,2.87
2021-06-01 21:10:00,3.32,5.65,2.07,2.87
2021-06-01 21:10:05,3.32,5.65,2.07,2.87
2021-06-01 21:10:10,3.32,5.65,2.07,2.87
2021-06-01 21:10:15,3.32,5.65,2.07,2.87
2021-06-01 21:10:20,3.32,5.65,2.07,2.87
2021-06-01 21:10:25,3.32,5.65,2.42,2.87
2021-06-01 21:10:30,3.32,5.65,2.42,2.87
2021-06-01 21:10:35,3.32,5.65,2.42,2.87
2021-06-01 21:10:40,3.32,5.65,2.42,2.87
2021-06-01 21:10:45,3.32,5.65,2.42,2.87
2021-06-01 21:10:50,3.32,5.65,2.42,2.87
2021-06-01 21:10:55,3.32,5.65,2.64,2.87
2021-06-01 21:11:00,3.32,5.65,2.64,2.87
2021-06-01 21:11:05,3.32,5.65,2.64,2.87
2021-06-01 21:11:10,4.73,8.04,2.64,2.82
2021-06-01 21:11:15,4.73,8.04,2.64,2.82
2021-06-01 21:11:20,4.64,7.89,2.64,2.82
2021-06-01 21:11:25,4.64,7.89,2.95,2.82
2021-06-01 21:11:30,4.33,7.36,2.95,2.82
2021-06-01 21:11:35,4.33,7.36,2.95,2.82
2021-06-01 21:11:40,3.13,5.33,2.95,2.82
2021-06-01 21:11:45,3.13,5.33,2.95,2.82
2021-06-01 21:11:50,3.13,5.33,2.95,2.82
2021-06-01 21:11:55,3.13,5.33,1.65,2.82
2021-06-01 21:12:00,3.13,5.33,1.65,2.82
2021-06-01 21:12:05,3.13,5.33,1.65,2.82
2021-06-01 21:12:10,3.13,5.33,1.65,2.82
2021-06-01 21:12:15,3.13,5.33,1.65,2.82
2021-06-01 21:12:20,3.13,5.33,1.65,2.82
2021-06-01 21:12:25,3.13,5.33,2.03,2.82
2021-06-01 21:12:30,3.13,5.33,2.03,2.82
2021-06-01 21:12:35,3.13,5.33,2.03,2.82
2021-06-01 21:12:40,3.13,5.33,2.03,2.82
2021-06-01 21:12:45,3.13,5.33,2.03,2.82
2021-06-01 21:12:50,3.13,5.33,2.03,2.82
2021-06-01 21:12:55,3.13,5.33,2.26,2.82
2021-06-01 21:13:00,3.13,5.33,2.26,2.82
2021-06-01 21:13:05,3.13,5.33,2.26,2.82
2021-06-01 21:13:10,3.13,5.33,2.26,2.82
2021-06-01 21:13:15,3.13,5.33,2.26,2.82
2021-06-01 21:13:20,3.13,5.33,2.26,2.82
2021-06-01 21:13:25,3.13,5.33,2.47,2.82
2021-06-01 21:13:30,3.13,5.33,2.47,2.82
2021-06-01 21:13:35,3.13,5.33,2.47,2.82
2021-06-01 21:13:40,4.70,7.99,2.47,2.93
2021-06-01 21:13:45,4.70,7.99,2.47,2.93
2021-06-01 21:13:50,3.80,6.45,2.47,2.93
2021-06-01 21:13:55,3.80,6.45,1.65,2.93
2021-06-01 21:14:00,3.27,5.55,1.65,2.93
2021-06-01 21:14:05,3.27,5.55,1.65,2.93
2021-06-01 21:14:10,3.27,5.55,1.65,2.93
2021-06-01 21:14:15,3.27,5.55,1.65,2.93
2021-06-01 21:14:20,3.27,5.55,1.65,2.93
2021-06-01 21:14:25,3.27,5.55,1.48,2.93
2021-06-01 21:14:30,3.27,5.55,1.48,2.93
2021-06-01 21:14:35,3.27,5.55,1.48,2.93
2021-06-01 21:14:40,3.27,5.55,1.48,2.93
2021-06-01 21:14:45,3.27,5.55,1.48,2.93
2021-06-01 21:14:50,3.14,5.34,1.48,2.93
2021-06-01 21:14:55,3.14,5.34,1.82,2.93
2021-06-01 21:15:00,3.14,5.34,1.82,2.93
2021-06-01 21:15:05,3.14,5.34,1.82,2.93
2021-06-01 21:15:10,3.14,5.34,1.82,2.93
2021-06-01 21:15:15,3.14,5.34,1.82,2.93
2021-06-01 21:15:20,3.14,5.34,1.82,2.93
2021-06-01 21:15:25,3.14,5.34,2.12,2.93
2021-06-01 21:15:30,3.14,5.34,2.12,2.93
2021-06-01 21:15:35,3.14,5.34,2.12,2.93
2021-06-01 21:15:40,3.14,5.34,2.12,2.93
2021-06-01 21:15:45,3.14,5.34,2.12,2.93
2021-06-01 21:15:50,3.14,5.34,2.12,2.93
2021-06-01 21:15:55,3.14,5.34,2.47,2.93
2021-06-01 21:16:00,3.14,5.34,2.47,2.93
2021-06-01 21:16:05,3.14,5.34,2.47,2.93
2021-06-01 21:16:10,3.14,5.34,2.47,2.92
2021-06-01 21:16:15,3.75,6.37,2.47,2.82
2021-06-01 21:16:20,3.75,6.37,2.47,2.82
2021-06-01 21:16:25,3.75,6.37,2.80,2.82
2021-06-01 21:16:30,3.01,5.11,2.80,2.82
2021-06-01 21:16:35,3.01,5.11,2.80,2.82
2021-06-01 21:16:40,3.01,5.11,2.80,2.82
2021-06-01 21:16:45,3.01,5.11,2.80,2.82
2021-06-01 21:16:50,3.01,5.11,2.80,2.82
2021-06-01 21:16:55,3.01,5.11,2.61,2.82
2021-06-01 21:17:00,3.01,5.11,2.61,2.82
2021-06-01 21:17:05,3.01,5.11,2.61,2.82
2021-06-01 21:17:10,3.01,5.11,2.61,2.82
2021-06-01 21:17:15,3.01,5.11,2.61,2.82
2021-06-01 21:17:20,3.01,5.11,2.61,2.82
2021-06-01 21:17:25,3.01,5.11,2.91,2.82
2021-06-01 21:17:30,3.01,5.11,2.91,2.82
2021-06-01 21:17:35,3.01,5.11,2.91,2.82
2021-06-01 21:17:40,3.01,5.11,2.91,2.82
2021-06-01 21:17:45,3.01,5.11,2.91,2.82
2021-06-01 21:17:50,3.01,5.11,2.91,2.82
2021-06-01 21:17:55,3.01,5.11,3.13,2.82
2021-06-01 21:18:00,3.01,5.11,3.13,2.82
2021-06-01 21:18:05,3.01,5.11,3.13,2.82
2021-06-01 21:18:10,3.01,5.11,3.13,2.82
2021-06-01 21:18:15,3.01,5.11,3.13,2.82
2021-06-01 21:18:20,3.01,5.11,3.13,2.82
2021-06-01 21:18:25,3.01,5.11,3.26,2.82
2021-06-01 21:18:30,3.01,5.11,3.26,2.82
2021-06-01 21:18:35,3.01,5.11,3.26,2.82
2021-06-01 21:18:40,3.01,5.11,3.26,2.82
2021-06-01 21:18:45,4.86,8.25,3.26,3.24
2021-06-01 21:18:50,4.86,8.25,3.26,3.24
2021-06-01 21:18:55,4.51,7.67,3.47,3.24
2021-06-01 21:19:00,4.51,7.67,3.47,3.24
2021-06-01 21:19:05,3.70,6.28,3.47,3.24
2021-06-01 21:19:10,3.70,6.28,3.47,3.24
2021-06-01 21:19:15,3.70,6.28,3.47,3.24
2021-06-01 21:19:20,3.70,6.28,3.47,3.24
2021-06-01 21:19:25,3.70,6.28,1.86,3.24
2021-06-01 21:19:30,3.70,6.28,1.86,3.24
2021-06-01 21:19:35,3.70,6.28,1.86,3.24
2021-06-01 21:19:40,3.70,6.28,1.86,3.24
2021-06-01 21:19:45,3.70,6.28,1.86,3.24
2021-06-01 21:19:50,3.70,6.28,1.86,3.24
2021-06-01 21:19:55,3.70,6.28,2.14,3.24
2021-06-01 21:20:00,3.70,6.28,2.14,3.24
2021-06-01 21:20:05,3.70,6.28,2.14,3.24
2021-06-01 21:20:10,3.70,6.28,2.14,3.24
2021-06-01 21:20:15,3.70,6.28,2.14,3.24
2021-06-01 21:20:20,3.70,6.28,2.14,3.24
2021-06-01 21:20:25,3.70,6.28,2.39,3.24
2021-06-01 21:20:30,3.70,6.28,2.39,3.24
2021-06-01 21:20:35,3.70,6.28,2.39,3.24
2021-06-01 21:20:40,3.70,6.28,2.39,3.24
2021-06-01 21:20:45,3.70,6.28,2.39,3.24
2021-06-01 21:20:50,3.70,6.28,2.39,3.24
2021-06-01 21:20:55,3.70,6.28,2.60,3.24
2021-06-01 21:21:00,3.70,6.28,2.60,3.24
2021-06-01 21:21:05,3.70,6.28,2.60,3.24
2021-06-01 21:21:10,3.70,6.28,2.60,3.24
2021-06-01 21:21:15,4.74,8.06,2.60,3.37
2021-06-01 21:21:20,4.41,7.49,2.60,3.37
2021-06-01 21:21:25,4.41,7.49,2.38,3.37
2021-06-01 21:21:30,4.01,6.81,2.38,3.37
2021-06-01 21:21:35,4.01,6.81,2.38,3.37
2021-06-01 21:21:40,4.01,6.81,2.38,3.37
2021-06-01 21:21:45,4.01,6.81,2.38,3.37
2021-06-01 21:21:50,4.01,6.81,2.38,3.37
2021-06-01 21:21:55,4.01,6.81,2.00,3.37
2021-06-01 21:22:00,4.01,6.81,2.00,3.37
2021-06-01 21:22:05,4.01,6.81,2.00,3.37
2021-06-01 21:22:10,4.01,6.81,2.00,3.37
2021-06-01 21:22:15,4.01,6.81,2.00,3.37
2021-06-01 21:22:20,4.01,6.81,2.00,3.37
2021-06-01 21:22:25,4.01,6.81,2.31,3.37
2021-06-01 21:22:30,4.01,6.81,2.31,3.37
2021-06-01 21:22:35,4.01,6.81,2.31,3.37
2021-06-01 21:22:40,4.01,6.81,2.31,3.37
2021-06-01 21:22:45,4.01,6.81,2.31,3.37
2021-06-01 21:22:50,4.01,6.81,2.31,3.37
2021-06-01 21:22:55,4.01,6.81,2.67,3.37
2021-06-01 21:23:00,4.01,6.81,2.67,3.37
2021-06-01 21:23:05,4.01,6.81,2.67,3.37
2021-06-01 21:23:10,4.01,6.81,2.67,3.37
2021-06-01 21:23:15,4.01,6.81,2.67,3.37
2021-06-01 21:23:20,4.01,6.81,2.67,3.37
2021-06-01 21:23:25,4.01,6.81,2.90,3.37
2021-06-01 21:23:30,4.01,6.81,2.90,3.37
2021-06-01 21:23:35,4.01,6.81,2.90,3.37
2021-06-01 21:23:40,4.01,6.81,2.90,3.37
2021-06-01 21:23:45,6.08,10.3,2.90,3.28
2021-06-01 21:23:50,6.08,10.3,2.90,3.28
2021-06-01 21:23:55,5.51,9.37,3.19,3.28
2021-06-01 21:24:00,4.99,8.48,3.19,3.28
2021-06-01 21:24:05,4.99,8.48,3.19,3.28
2021-06-01 21:24:10,3.71,6.31,3.19,3.28
2021-06-01 21:24:15,3.71,6.31,3.19,3.28
2021-06-01 21:24:20,3.71,6.31,3.19,3.28
2021-06-01 21:24:25,3.71,6.31,1.11,3.28
2021-06-01 21:24:30,3.71,6.31,1.11,3.28
2021-06-01 21:24:35,3.71,6.31,1.11,3.28
2021-06-01 21:24:40,3.71,6.31,1.11,3.28
2021-06-01 21:24:45,3.71,6.31,1.11,3.28
2021-06-01 21:24:50,3.71,6.31,1.11,3.28
2021-06-01 21:24:55,3.71,6.31,1.56,3.28
2021-06-01 21:25:00,3.71,6.31,1.56,3.28
2021-06-01 21:25:05,3.71,6.31,1.56,3.28
2021-06-01 21:25:10,3.71,6.31,1.56,3.28
2021-06-01 21:25:15,3.71,6.31,1.56,3.28
2021-06-01 21:25:20,3.71,6.31,1.56,3.28
2021-06-01 21:25:25,3.71,6.31,1.90,3.28
2021-06-01 21:25:30,3.71,6.31,1.90,3.28
2021-06-01 21:25:35,3.71,6.31,1.90,3.28
2021-06-01 21:25:40,3.71,6.31,1.90,3.28
2021-06-01 21:25:45,3.71,6.31,1.90,3.28
2021-06-01 21:25:50,3.71,6.31,1.90,3.28
2021-06-01 21:25:55,3.71,6.31,2.21,3.28
2021-06-01 21:26:00,3.71,6.31,2.21,3.28
2021-06-01 21:26:05,3.71,6.31,2.21,3.28
2021-06-01 21:26:10,3.71,6.31,2.21,3.28
2021-06-01 21:26:15,4.94,8.38,2.21,3.07
2021-06-01 21:26:20,3.81,6.48,2.21,3.07
2021-06-01 21:26:25,3.81,6.48,1.86,3.07
2021-06-01 21:26:30,3.81,6.48,1.86,3.07
2021-06-01 21:26:35,3.81,6.48,1.86,3.07
2021-06-01 21:26:40,3.20,5.43,1.86,3.07
2021-06-01 21:26:45,3.20,5.43,1.86,3.07
2021-06-01 21:26:50,3.20,5.43,1.86,3.07
2021-06-01 21:26:55,3.20,5.43,1.52,3.07
2021-06-01 21:27:00,3.20,5.43,1.52,3.07
2021-06-01 21:27:05,3.20,5.43,1.52,3.07
2021-06-01 21:27:10,3.20,5.43,1.52,3.07
2021-06-01 21:27:15,3.20,5.43,1.52,3.07
2021-06-01 21:27:20,3.20,5.43,1.52,3.07
2021-06-01 21:27:25,3.20,5.43,1.88,3.07
2021-06-01 21:27:30,3.20,5.43,1.88,3.07
2021-06-01 21:27:35,3.20,5.43,1.88,3.07
2021-06-01 21:27:40,3.20,5.43,1.88,3.07
2021-06-01 21:27:45,3.20,5.43,1.88,3.07
2021-06-01 21:27:50,3.20,5.43,1.88,3.07
2021-06-01 21:27:55,3.20,5.43,2.23,3.07
2021-06-01 21:28:00,3.20,5.43,2.23,3.07
2021-06-01 21:28:05,3.20,5.43,2.23,3.07
2021-06-01 21:28:10,3.20,5.43,2.23,3.07
2021-06-01 21:28:15,3.20,5.43,2.23,3.07
2021-06-01 21:28:20,3.20,5.43,2.23,3.07
2021-06-01 21:28:25,3.20,5.43,2.55,3.07
2021-06-01 21:28:30,3.20,5.43,2.55,3.07
2021-06-01 21:28:35,3.20,5.43,2.55,3.07
2021-06-01 21:28:40,3.20,5.43,2.55,3.07
2021-06-01 21:28:45,3.20,5.43,2.55,2.99
2021-06-01 21:28:50,3.29,5.59,2.55,2.99
2021-06-01 21:28:55,3.29,5.59,2.77,2.99
2021-06-01 21:29:00,3.23,5.48,2.77,2.99
2021-06-01 21:29:05,3.23,5.48,2.77,2.99
2021-06-01 21:29:10,3.23,5.48,2.77,2.99
2021-06-01 21:29:15,3.23,5.48,2.77,2.99
2021-06-01 21:29:20,3.23,5.48,2.77,2.99
2021-06-01 21:29:25,3.23,5.48,2.89,2.99
2021-06-01 21:29:30,3.23,5.48,2.89,2.99
2021-06-01 21:29:35,3.23,5.48,2.89,2.99
2021-06-01 21:29:40,3.23,5.48,2.89,2.99
2021-06-01 21:29:45,3.23,5.48,2.89,2.99
2021-06-01 21:29:50,3.23,5.48,2.89,2.99
2021-06-01 21:29:55,3.23,5.48,3.03,2.99
2021-06-01 21:30:00,3.23,5.48,3.03,2.99
2021-06-01 21:30:05,3.23,5.48,3.03,2.99
2021-06-01 21:30:10,3.23,5.48,3.03,2.99
2021-06-01 21:30:15,3.23,5.48,3.03,2.99
2021-06-01 21:30:20,3.23,5.48,3.03,2.99
2021-06-01 21:30:25,3.23,5.48,3.16,2.99
2021-06-01 21:30:30,3.23,5.48,3.16,2.99
2021-06-01 21:30:35,3.23,5.48,3.16,2.99
2021-06-01 21:30:40,3.23,5.48,3.16,2.99
2021-06-01 21:30:45,3.23,5.48,3.16,2.99
2021-06-01 21:30:50,3.23,5.48,3.16,2.99
2021-06-01 21:30:55,3.23,5.48,3.32,2.99
2021-06-01 21:31:00,3.23,5.48,3.32,2.99
2021-06-01 21:31:05,3.23,5.48,3.32,2.99
2021-06-01 21:31:10,3.23,5.48,3.32,2.99
2021-06-01 21:31:15,3.23,5.48,3.32,2.99
2021-06-01 21:31:20,3.23,5.48,3.32,3.19
2021-06-01 21:31:25,3.23,5.48,3.44,3.19
2021-06-01 21:31:30,3.23,5.48,3.44,3.19
2021-06-01 21:31:35,3.23,5.48,3.44,3.19
2021-06-01 21:31:40,3.23,5.48,3.44,3.19
2021-06-01 21:31:45,3.23,5.48,3.44,3.19
2021-06-01 21:31:50,3.23,5.48,3.44,3.19
2021-06-01 21:31:55,3.23,5.48,3.51,3.19
2021-06-01 21:32:00,3.23,5.48,3.51,3.19
2021-06-01 21:32:05,3.23,5.48,3.51,3.19
2021-06-01 21:32:10,3.23,5.48,3.51,3.19
2021-06-01 21:32:15,3.23,5.48,3.51,3.19
2021-06-01 21:32:20,3.23,5.48,3.51,3.19
2021-06-01 21:32:25,3.23,5.48,3.45,3.19
2021-06-01 21:32:30,3.23,5.48,3.45,3.19
2021-06-01 21:32:35,3.23,5.48,3.45,3.19
2021-06-01 21:32:40,3.23,5.48,3.45,3.19
2021-06-01 21:32:45,3.23,5.48,3.45,3.19
2021-06-01 21:32:50,3.23,5.48,3.45,3.19
2021-06-01 21:32:55,3.23,5.48,3.40,3.19
2021-06-01 21:33:00,3.23,5.48,3.40,3.19
2021-06-01 21:33:05,3.23,5.48,3.40,3.19
2021-06-01 21:33:10,3.23,5.48,3.40,3.19
2021-06-01 21:33:15,3.23,5.48,3.40,3.19
2021-06-01 21:33:20,3.23,5.48,3.40,3.19
2021-06-01 21:33:25,3.23,5.48,3.45,3.19
2021-06-01 21:33:30,3.23,5.48,3.45,3.19
2021-06-01 21:33:35,3.23,5.48,3.45,3.19
2021-06-01 21:33:40,3.23,5.48,3.45,3.19
2021-06-01 21:33:45,3.23,5.48,3.45,3.19
2021-06-01 21:33:50,3.29,5.59,3.45,3.33
2021-06-01 21:33:55,3.29,5.59,3.45,3.33
2021-06-01 21:34:00,3.19,5.43,3.45,3.33
2021-06-01 21:34:05,3.19,5.43,3.45,3.33
2021-06-01 21:34:10,3.19,5.43,3.45,3.33
2021-06-01 21:34:15,3.19,5.43,3.45,3.33
2021-06-01 21:34:20,3.19,5.43,3.45,3.33
2021-06-01 21:34:25,3.19,5.43,3.32,3.33
2021-06-01 21:34:30,3.19,5.43,3.32,3.33
2021-06-01 21:34:35,3.19,5.43,3.32,3.33
2021-06-01 21:34:40,3.19,5.43,3.32,3.33
2021-06-01 21:34:45,3.19,5.43,3.32,3.33
2021-06-01 21:34:50,3.19,5.43,3.32,3.33
2021-06-01 21:34:55,3.19,5.43,3.34,3.33
2021-06-01 21:35:00,3.19,5.43,3.34,3.33
2021-06-01 21:35:05,3.19,5.43,3.34,3.33
2021-06-01 21:35:10,3.19,5.43,3.34,3.33
2021-06-01 21:35:15,3.19,5.43,3.34,3.33
2021-06-01 21:35:20,3.19,5.43,3.34,3.33
2021-06-01 21:35:25,3.19,5.43,3.32,3.33
2021-06-01 21:35:30,3.19,5.43,3.32,3.33
2021-06-01 21:35:35,3.19,5.43,3.32,3.33
2021-06-01 21:35:40,3.19,5.43,3.32,3.33
2021-06-01 21:35:45,3.19,5.43,3.32,3.33
2021-06-01 21:35:50,3.19,5.43,3.32,3.33
2021-06-01 21:35:55,3.19,5.43,3.29,3.33
2021-06-01 21:36:00,3.19,5.43,3.29,3.33
2021-06-01 21:36:05,3.19,5.43,3.29,3.33
2021-06-01 21:36:10,3.19,5.43,3.29,3.33
2021-06-01 21:36:15,3.19,5.43,3.29,3.33
2021-06-01 21:36:20,3.19,5.43,3.29,3.24
2021-06-01 21:36:25,3.19,5.43,3.31,3.24
2021-06-01 21:36:30,3.19,5.43,3.31,3.24
2021-06-01 21:36:35,3.19,5.43,3.31,3.24
2021-06-01 21:36:40,3.19,5.43,3.31,3.24
2021-06-01 21:36:45,3.19,5.43,3.31,3.24
2021-06-01 21:36:50,3.19,5.43,3.31,3.24
2021-06-01 21:36:55,3.19,5.43,3.28,3.24
2021-06-01 21:37:00,3.19,5.43,3.28,3.24
2021-06-01 21:37:05,3.19,5.43,3.28,3.24
2021-06-01 21:37:10,3.19,5.43,3.28,3.24
2021-06-01 21:37:15,3.19,5.43,3.28,3.24
2021-06-01 21:37:20,3.19,5.43,3.28,3.24
2021-06-01 21:37:25,3.19,5.43,3.30,3.24
2021-06-01 21:37:30,3.19,5.43,3.30,3.24
2021-06-01 21:37:35,3.19,5.43,3.30,3.24
2021-06-01 21:37:40,3.19,5.43,3.30,3.24
2021-06-01 21:37:45,3.19,5.43,3.30,3.24
2021-06-01 21:37:50,3.19,5.43,3.30,3.24
2021-06-01 21:37:55,3.19,5.43,3.26,3.24
2021-06-01 21:38:00,3.19,5.43,3.26,3.24
2021-06-01 21:38:05,3.19,5.43,3.26,3.24
2021-06-01 21:38:10,3.19,5.43,3.26,3.24
2021-06-01 21:38:15,3.19,5.43,3.26,3.24
2021-06-01 21:38:20,3.19,5.43,3.26,3.24
2021-06-01 21:38:25,3.19,5.43,3.28,3.24
2021-06-01 21:38:30,3.19,5.43,3.28,3.24
2021-06-01 21:38:35,3.19,5.43,3.28,3.24
2021-06-01 21:38:40,3.19,5.43,3.28,3.24
2021-06-01 21:38:45,3.19,5.43,3.28,3.24
2021-06-01 21:38:50,3.19,5.43,3.28,3.19
2021-06-01 21:38:55,3.19,5.43,3.32,3.19
2021-06-01 21:39:00,3.19,5.43,3.32,3.19
2021-06-01 21:39:05,3.19,5.43,3.32,3.19
2021-06-01 21:39:10,3.19,5.43,3.32,3.19
2021-06-01 21:39:15,3.19,5.43,3.32,3.19
2021-06-01 21:39:20,3.19,5.43,3.32,3.19
2021-06-01 21:39:25,3.19,5.43,3.26,3.19
2021-06-01 21:39:30,3.19,5.43,3.26,3.19
2021-06-01 21:39:35,3.19,5.43,3.26,3.19
2021-06-01 21:39:40,3.19,5.43,3.26,3.19
2021-06-01 21:39:45,3.19,5.43,3.26,3.19
2021-06-01 21:39:50,3.19,5.43,3.26,3.19
2021-06-01 21:39:55,3.19,5.43,3.24,3.19
2021-06-01 21:40:00,3.19,5.43,3.24,3.19
2021-06-01 21:40:05,3.19,5.43,3.24,3.19
2021-06-01 21:40:10,3.19,5.43,3.24,3.19
2021-06-01 21:40:15,3.19,5.43,3.24,3.19
2021-06-01 21:40:20,3.19,5.43,3.24,3.19
2021-06-01 21:40:25,3.19,5.43,3.24,3.19
2021-06-01 21:40:30,3.19,5.43,3.24,3.19
2021-06-01 21:40:35,3.19,5.43,3.24,3.19
2021-06-01 21:40:40,3.19,5.43,3.24,3.19
2021-06-01 21:40:45,3.19,5.43,3.24,3.19
2021-06-01 21:40:50,3.19,5.43,3.24,3.19
2021-06-01 21:40:55,3.19,5.43,3.20,3.19
2021-06-01 21:41:00,3.19,5.43,3.20,3.19
2021-06-01 21:41:05,3.19,5.43,3.20,3.19
2021-06-01 21:41:10,3.19,5.43,3.20,3.19
2021-06-01 21:41:15,3.19,5.43,3.20,3.19
2021-06-01 21:41:20,3.19,5.43,3.20,3.12
2021-06-01 21:41:25,3.19,5.43,3.24,3.12
2021-06-01 21:41:30,3.19,5.43,3.24,3.12
2021-06-01 21:41:35,3.19,5.43,3.24,3.12
2021-06-01 21:41:40,3.19,5.43,3.24,3.12
2021-06-01 21:41:45,3.19,5.43,3.24,3.12
2021-06-01 21:41:50,3.19,5.43,3.24,3.12
2021-06-01 21:41:55,3.19,5.43,3.16,3.12
2021-06-01 21:42:00,3.19,5.43,3.16,3.12
2021-06-01 21:42:05,3.19,5.43,3.16,3.12
2021-06-01 21:42:10,3.19,5.43,3.16,3.12
2021-06-01 21:42:15,3.19,5.43,3.16,3.12
2021-06-01 21:42:20,3.19,5.43,3.16,3.12
2021-06-01 21:42:25,3.19,5.43,3.22,3.12
2021-06-01 21:42:30,3.19,5.43,3.22,3.12
2021-06-01 21:42:35,3.19,5.43,3.22,3.12
2021-06-01 21:42:40,3.19,5.43,3.22,3.12
2021-06-01 21:42:45,3.19,5.43,3.22,3.12
2021-06-01 21:42:50,3.19,5.43,3.22,3.12
2021-06-01 21:42:55,3.19,5.43,3.17,3.12
2021-06-01 21:43:00,3.19,5.43,3.17,3.12
2021-06-01 21:43:05,3.19,5.43,3.17,3.12
2021-06-01 21:43:10,3.19,5.43,3.17,3.12
2021-06-01 21:43:15,3.19,5.43,3.17,3.12
2021-06-01 21:43:20,3.19,5.43,3.17,3.12
2021-06-01 21:43:25,3.19,5.43,3.11,3.12
2021-06-01 21:43:30,3.19,5.43,3.11,3.12
2021-06-01 21:43:35,3.19,5.43,3.11,3.12
2021-06-01 21:43:40,3.19,5.43,3.11,3.12
2021-06-01 21:43:45,3.19,5.43,3.11,3.12
2021-06-01 21:43:50,3.19,5.43,3.11,3.08
2021-06-01 21:43:55,3.19,5.43,3.14,3.08
2021-06-01 21:44:00,3.19,5.43,3.14,3.08
2021-06-01 21:44:05,3.19,5.43,3.14,3.08
2021-06-01 21:44:10,3.19,5.43,3.14,3.08
2021-06-01 21:44:15,3.19,5.43,3.14,3.08
2021-06-01 21:44:20,3.19,5.43,3.14,3.08
2021-06-01 21:44:25,3.19,5.43,3.11,3.08
2021-06-01 21:44:30,3.19,5.43,3.11,3.08
2021-06-01 21:44:35,3.19,5.43,3.11,3.08
2021-06-01 21:44:40,3.19,5.43,3.11,3.08
2021-06-01 21:44:45,3.19,5.43,3.11,3.08
2021-06-01 21:44:50,3.19,5.43,3.11,3.08
2021-06-01 21:44:55,3.19,5.43,3.08,3.08
2021-06-01 21:45:00,3.19,5.43,3.08,3.08
2021-06-01 21:45:05,3.19,5.43,3.08,3.08
2021-06-01 21:45:10,3.19,5.43,3.08,3.08
2021-06-01 21:45:15,3.19,5.43,3.08,3.08
2021-06-01 21:45:20,3.19,5.43,3.08,3.08
2021-06-01 21:45:25,3.19,5.43,3.09,3.08
2021-06-01 21:45:30,3.19,5.43,3.09,3.08
2021-06-01 21:45:35,3.19,5.43,3.09,3.08
2021-06-01 21:45:40,3.19,5.43,3.09,3.08
2021-06-01 21:45:45,3.19,5.43,3.09,3.08
2021-06-01 21:45:50,3.19,5.43,3.09,3.08
2021-06-01 21:45:55,3.19,5.43,3.05,3.08
2021-06-01 21:46:00,3.19,5.43,3.05,3.08
2021-06-01 21:46:05,3.19,5.43,3.05,3.08
2021-06-01 21:46:10,3.19,5.43,3.05,3.08
2021-06-01 21:46:15,3.19,5.43,3.05,3.08
2021-06-01 21:46:20,3.30,5.61,3.05,2.98
2021-06-01 21:46:25,3.30,5.61,3.06,2.98
2021-06-01 21:46:30,3.30,5.61,3.06,2.98
2021-06-01 21:46:35,3.30,5.61,3.06,2.98
2021-06-01 21:46:40,3.30,5.61,3.06,2.98
2021-06-01 21:46:45,3.30,5.61,3.06,2.98
2021-06-01 21:46:50,3.30,5.61,3.06,2.98
2021-06-01 21:46:55,3.30,5.61,3.03,2.98
2021-06-01 21:47:00,3.30,5.61,3.03,2.98
2021-06-01 21:47:05,3.30,5.61,3.03,2.98
2021-06-01 21:47:10,3.30,5.61,3.03,2.98
2021-06-01 21:47:15,3.30,5.61,3.03,2.98
2021-06-01 21:47:20,3.30,5.61,3.03,2.98
2021-06-01 21:47:25,3.30,5.61,3.09,2.98
2021-06-01 21:47:30,3.16,5.37,3.09,2.98
2021-06-01 21:47:35,3.16,5.37,3.09,2.98
2021-06-01 21:47:40,3.16,5.37,3.09,2.98
2021-06-01 21:47:45,3.16,5.37,3.09,2.98
2021-06-01 21:47:50,3.16,5.37,3.09,2.98
2021-06-01 21:47:55,3.16,5.37,2.99,2.98
2021-06-01 21:48:00,3.16,5.37,2.99,2.98
2021-06-01 21:48:05,3.16,5.37,2.99,2.98
2021-06-01 21:48:10,3.16,5.37,2.99,2.98
2021-06-01 21:48:15,3.16,5.37,2.99,2.98
2021-06-01 21:48:20,3.16,5.37,2.99,2.98
2021-06-01 21:48:25,3.16,5.37,2.99,2.98
2021-06-01 21:48:30,3.16,5.37,2.99,2.98
2021-06-01 21:48:35,3.16,5.37,2.99,2.98
2021-06-01 21:48:40,3.16,5.37,2.99,2.98
2021-06-01 21:48:45,3.16,5.37,2.99,2.98
2021-06-01 21:48:50,3.16,5.37,2.99,2.89
2021-06-01 21:48:55,3.16,5.37,3.04,2.89
2021-06-01 21:49:00,3.16,5.37,3.04,2.89
2021-06-01 21:49:05,3.16,5.37,3.04,2.89
2021-06-01 21:49:10,3.16,5.37,3.04,2.89
2021-06-01 21:49:15,3.16,5.37,3.04,2.89
2021-06-01 21:49:20,3.16,5.37,3.04,2.89
2021-06-01 21:49:25,3.16,5.37,3.05,2.89
2021-06-01 21:49:30,3.16,5.37,3.05,2.89
2021-06-01 21:49:35,3.16,5.37,3.05,2.89
2021-06-01 21:49:40,3.16,5.37,3.05,2.89
2021-06-01 21:49:45,3.16,5.37,3.05,2.89
2021-06-01 21:49:50,3.16,5.37,3.05,2.89
2021-06-01 21:49:55,3.16,5.37,3.07,2.89
2021-06-01 21:50:00,3.16,5.37,3.07,2.89
2021-06-01 21:50:05,3.16,5.37,3.07,2.89
2021-06-01 21:50:10,3.16,5.37,3.07,2.89
2021-06-01 21:50:15,3.16,5.37,3.07,2.89
2021-06-01 21:50:20,3.16,5.37,3.07,2.89
2021-06-01 21:50:25,3.16,5.37,3.07,2.89
2021-06-01 21:50:30,3.16,5.37,3.07,2.89
2021-06-01 21:50:35,3.16,5.37,3.07,2.89
2021-06-01 21:50:40,3.16,5.37,3.07,2.89
2021-06-01 21:50:45,3.16,5.37,3.07,2.89
2021-06-01 21:50:50,3.16,5.37,3.07,2.89
2021-06-01 21:50:55,3.16,5.37,3.12,2.89
2021-06-01 21:51:00,3.16,5.37,3.12,2.89
2021-06-01 21:51:05,3.16,5.37,3.12,2.89
2021-06-01 21:51:10,3.16,5.37,3.12,2.89
2021-06-01 21:51:15,3.16,5.37,3.12,2.89
2021-06-01 21:51:20,3.16,5.37,3.12,2.96
2021-06-01 21:51:25,3.16,5.37,3.11,2.96
2021-06-01 21:51:30,3.16,5.37,3.11,2.96
2021-06-01 21:51:35,3.16,5.37,3.11,2.96
2021-06-01 21:51:40,3.16,5.37,3.11,2.96
2021-06-01 21:51:45,3.16,5.37,3.11,2.96
2021-06-01 21:51:50,3.16,5.37,3.11,2.96
2021-06-01 21:51:55,3.16,5.37,3.11,2.96

