"Time","users"
2021-04-29 13:25:55,0
2021-04-29 13:26:00,0
2021-04-29 13:26:05,0
2021-04-29 13:26:10,0
2021-04-29 13:26:15,0
2021-04-29 13:26:20,0
2021-04-29 13:26:25,0
2021-04-29 13:26:30,0
2021-04-29 13:26:35,6
2021-04-29 13:26:40,10
2021-04-29 13:26:45,14
2021-04-29 13:26:50,21
2021-04-29 13:26:55,25
2021-04-29 13:27:00,31
2021-04-29 13:27:05,35
2021-04-29 13:27:10,41
2021-04-29 13:27:15,45
2021-04-29 13:27:20,51
2021-04-29 13:27:25,55
2021-04-29 13:27:30,60
2021-04-29 13:27:35,66
2021-04-29 13:27:40,70
2021-04-29 13:27:45,76
2021-04-29 13:27:50,81
2021-04-29 13:27:55,85
2021-04-29 13:28:00,90
2021-04-29 13:28:05,95
2021-04-29 13:28:10,100
2021-04-29 13:28:15,105
2021-04-29 13:28:20,110
2021-04-29 13:28:25,115
2021-04-29 13:28:30,120
2021-04-29 13:28:35,125
2021-04-29 13:28:40,130
2021-04-29 13:28:45,135
2021-04-29 13:28:50,140
2021-04-29 13:28:55,145
2021-04-29 13:29:00,150
2021-04-29 13:29:05,155
2021-04-29 13:29:10,160
2021-04-29 13:29:15,165
2021-04-29 13:29:20,170
2021-04-29 13:29:25,175
2021-04-29 13:29:30,180
2021-04-29 13:29:35,185
2021-04-29 13:29:40,189
2021-04-29 13:29:45,194
2021-04-29 13:29:50,199
2021-04-29 13:29:55,204
2021-04-29 13:30:00,209
2021-04-29 13:30:05,214
2021-04-29 13:30:10,219
2021-04-29 13:30:15,224
2021-04-29 13:30:20,229
2021-04-29 13:30:25,234
2021-04-29 13:30:30,239
2021-04-29 13:30:35,244
2021-04-29 13:30:40,249
2021-04-29 13:30:45,254
2021-04-29 13:30:50,259
2021-04-29 13:30:55,264
2021-04-29 13:31:00,269
2021-04-29 13:31:05,274
2021-04-29 13:31:10,279
2021-04-29 13:31:15,284
2021-04-29 13:31:20,289
2021-04-29 13:31:25,294
2021-04-29 13:31:30,299
2021-04-29 13:31:35,304
2021-04-29 13:31:40,309
2021-04-29 13:31:45,314
2021-04-29 13:31:50,319
2021-04-29 13:31:55,324
2021-04-29 13:32:00,329
2021-04-29 13:32:05,334
2021-04-29 13:32:10,339
2021-04-29 13:32:15,344
2021-04-29 13:32:20,349
2021-04-29 13:32:25,354
2021-04-29 13:32:30,359
2021-04-29 13:32:35,364
2021-04-29 13:32:40,369
2021-04-29 13:32:45,374
2021-04-29 13:32:50,379
2021-04-29 13:32:55,384
2021-04-29 13:33:00,389
2021-04-29 13:33:05,394
2021-04-29 13:33:10,399
2021-04-29 13:33:15,404
2021-04-29 13:33:20,409
2021-04-29 13:33:25,414
2021-04-29 13:33:30,419
2021-04-29 13:33:35,424
2021-04-29 13:33:40,429
2021-04-29 13:33:45,434
2021-04-29 13:33:50,439
2021-04-29 13:33:55,444
2021-04-29 13:34:00,449
2021-04-29 13:34:05,454
2021-04-29 13:34:10,459
2021-04-29 13:34:15,464
2021-04-29 13:34:20,469
2021-04-29 13:34:25,474
2021-04-29 13:34:30,479
2021-04-29 13:34:35,484
2021-04-29 13:34:40,489
2021-04-29 13:34:45,494
2021-04-29 13:34:50,499
2021-04-29 13:34:55,504
2021-04-29 13:35:00,509
2021-04-29 13:35:05,514
2021-04-29 13:35:10,519
2021-04-29 13:35:15,524
2021-04-29 13:35:20,529
2021-04-29 13:35:25,534
2021-04-29 13:35:30,539
2021-04-29 13:35:35,544
2021-04-29 13:35:40,549
2021-04-29 13:35:45,554
2021-04-29 13:35:50,559
2021-04-29 13:35:55,564
2021-04-29 13:36:00,569
2021-04-29 13:36:05,574
2021-04-29 13:36:10,579
2021-04-29 13:36:15,584
2021-04-29 13:36:20,589
2021-04-29 13:36:25,594
2021-04-29 13:36:30,599
2021-04-29 13:36:35,604
2021-04-29 13:36:40,609
2021-04-29 13:36:45,614
2021-04-29 13:36:50,619
2021-04-29 13:36:55,624
2021-04-29 13:37:00,629
2021-04-29 13:37:05,634
2021-04-29 13:37:10,639
2021-04-29 13:37:15,644
2021-04-29 13:37:20,649
2021-04-29 13:37:25,654
2021-04-29 13:37:30,659
2021-04-29 13:37:35,664
2021-04-29 13:37:40,669
2021-04-29 13:37:45,674
2021-04-29 13:37:50,679
2021-04-29 13:37:55,684
2021-04-29 13:38:00,689
2021-04-29 13:38:05,694
2021-04-29 13:38:10,699
2021-04-29 13:38:15,704
2021-04-29 13:38:20,709
2021-04-29 13:38:25,714
2021-04-29 13:38:30,719
2021-04-29 13:38:35,724
2021-04-29 13:38:40,729
2021-04-29 13:38:45,734
2021-04-29 13:38:50,739
2021-04-29 13:38:55,744
2021-04-29 13:39:00,749
2021-04-29 13:39:05,754
2021-04-29 13:39:10,759
2021-04-29 13:39:15,764
2021-04-29 13:39:20,769
2021-04-29 13:39:25,774
2021-04-29 13:39:30,779
2021-04-29 13:39:35,784
2021-04-29 13:39:40,789
2021-04-29 13:39:45,794
2021-04-29 13:39:50,799
2021-04-29 13:39:55,804
2021-04-29 13:40:00,809
2021-04-29 13:40:05,814
2021-04-29 13:40:10,819
2021-04-29 13:40:15,824
2021-04-29 13:40:20,829
2021-04-29 13:40:25,834
2021-04-29 13:40:30,839
2021-04-29 13:40:35,844
2021-04-29 13:40:40,849
2021-04-29 13:40:45,854
2021-04-29 13:40:50,859
2021-04-29 13:40:55,864
2021-04-29 13:41:00,869
2021-04-29 13:41:05,874
2021-04-29 13:41:10,879
2021-04-29 13:41:15,884
2021-04-29 13:41:20,889
2021-04-29 13:41:25,894
2021-04-29 13:41:30,899
2021-04-29 13:41:35,904
2021-04-29 13:41:40,909
2021-04-29 13:41:45,914
2021-04-29 13:41:50,919
2021-04-29 13:41:55,924
2021-04-29 13:42:00,929
2021-04-29 13:42:05,934
2021-04-29 13:42:10,939
2021-04-29 13:42:15,944
2021-04-29 13:42:20,949
2021-04-29 13:42:25,954
2021-04-29 13:42:30,959
2021-04-29 13:42:35,964
2021-04-29 13:42:40,969
2021-04-29 13:42:45,974
2021-04-29 13:42:50,979
2021-04-29 13:42:55,984
2021-04-29 13:43:00,989
2021-04-29 13:43:05,994
2021-04-29 13:43:10,999
2021-04-29 13:43:15,1000
2021-04-29 13:43:20,1000
2021-04-29 13:43:25,1000
2021-04-29 13:43:30,1000
2021-04-29 13:43:35,1000
2021-04-29 13:43:40,1000
2021-04-29 13:43:45,1000
2021-04-29 13:43:50,1000
2021-04-29 13:43:55,1000
2021-04-29 13:44:00,1000
2021-04-29 13:44:05,1000
2021-04-29 13:44:10,1000
2021-04-29 13:44:15,1000
2021-04-29 13:44:20,1000
2021-04-29 13:44:25,1000
2021-04-29 13:44:30,1000
2021-04-29 13:44:35,1000
2021-04-29 13:44:40,1000
2021-04-29 13:44:45,1000
2021-04-29 13:44:50,1000
2021-04-29 13:44:55,1000
2021-04-29 13:45:00,1000
2021-04-29 13:45:05,1000
2021-04-29 13:45:10,1000
2021-04-29 13:45:15,1000
2021-04-29 13:45:20,1000
2021-04-29 13:45:25,1000
2021-04-29 13:45:30,1000
2021-04-29 13:45:35,1000
2021-04-29 13:45:40,1000
2021-04-29 13:45:45,1000
2021-04-29 13:45:50,1000
2021-04-29 13:45:55,1000
2021-04-29 13:46:00,1000
2021-04-29 13:46:05,1000
2021-04-29 13:46:10,1000
2021-04-29 13:46:15,1000
2021-04-29 13:46:20,1000
2021-04-29 13:46:25,1000
2021-04-29 13:46:30,1000
2021-04-29 13:46:35,1000
2021-04-29 13:46:40,1000
2021-04-29 13:46:45,1000
2021-04-29 13:46:50,1000
2021-04-29 13:46:55,1000
2021-04-29 13:47:00,1000
2021-04-29 13:47:05,1000
2021-04-29 13:47:10,1000
2021-04-29 13:47:15,1000
2021-04-29 13:47:20,1000
2021-04-29 13:47:25,1000
2021-04-29 13:47:30,1000
2021-04-29 13:47:35,1000
2021-04-29 13:47:40,1000
2021-04-29 13:47:45,1000
2021-04-29 13:47:50,1000
2021-04-29 13:47:55,1000
2021-04-29 13:48:00,1000
2021-04-29 13:48:05,1000
2021-04-29 13:48:10,1000
2021-04-29 13:48:15,1000
2021-04-29 13:48:20,1000
2021-04-29 13:48:25,1000
2021-04-29 13:48:30,1000
2021-04-29 13:48:35,1000
2021-04-29 13:48:40,1000
2021-04-29 13:48:45,1000
2021-04-29 13:48:50,1000
2021-04-29 13:48:55,1000
2021-04-29 13:49:00,1000
2021-04-29 13:49:05,1000
2021-04-29 13:49:10,1000
2021-04-29 13:49:15,1000
2021-04-29 13:49:20,1000
2021-04-29 13:49:25,1000
2021-04-29 13:49:30,1000
2021-04-29 13:49:35,1000
2021-04-29 13:49:40,1000
2021-04-29 13:49:45,1000
2021-04-29 13:49:50,1000
2021-04-29 13:49:55,1000
2021-04-29 13:50:00,1000
2021-04-29 13:50:05,1000
2021-04-29 13:50:10,1000
2021-04-29 13:50:15,1000
2021-04-29 13:50:20,1000
2021-04-29 13:50:25,1000
2021-04-29 13:50:30,1000
2021-04-29 13:50:35,1000
2021-04-29 13:50:40,1000
2021-04-29 13:50:45,1000
2021-04-29 13:50:50,1000
2021-04-29 13:50:55,1000
2021-04-29 13:51:00,1000
2021-04-29 13:51:05,1000
2021-04-29 13:51:10,1000
2021-04-29 13:51:15,1000
2021-04-29 13:51:20,1000
2021-04-29 13:51:25,1000
2021-04-29 13:51:30,1000
2021-04-29 13:51:35,1000
2021-04-29 13:51:40,1000
2021-04-29 13:51:45,1000
2021-04-29 13:51:50,1000
2021-04-29 13:51:55,1000
2021-04-29 13:52:00,1000
2021-04-29 13:52:05,1000
2021-04-29 13:52:10,1000
2021-04-29 13:52:15,1000
2021-04-29 13:52:20,1000
2021-04-29 13:52:25,1000
2021-04-29 13:52:30,1000
2021-04-29 13:52:35,1000
2021-04-29 13:52:40,1000
2021-04-29 13:52:45,1000
2021-04-29 13:52:50,1000
2021-04-29 13:52:55,1000
2021-04-29 13:53:00,1000
2021-04-29 13:53:05,1000
2021-04-29 13:53:10,1000
2021-04-29 13:53:15,1005
2021-04-29 13:53:20,1010
2021-04-29 13:53:25,1015
2021-04-29 13:53:30,1019
2021-04-29 13:53:35,1024
2021-04-29 13:53:40,1029
2021-04-29 13:53:45,1034
2021-04-29 13:53:50,1039
2021-04-29 13:53:55,1044
2021-04-29 13:54:00,1049
2021-04-29 13:54:05,1054
2021-04-29 13:54:10,1059
2021-04-29 13:54:15,1064
2021-04-29 13:54:20,1069
2021-04-29 13:54:25,1074
2021-04-29 13:54:30,1079
2021-04-29 13:54:35,1084
2021-04-29 13:54:40,1089
2021-04-29 13:54:45,1094
2021-04-29 13:54:50,1099
2021-04-29 13:54:55,1104
2021-04-29 13:55:00,1109
2021-04-29 13:55:05,1114
2021-04-29 13:55:10,1119
2021-04-29 13:55:15,1124
2021-04-29 13:55:20,1129
2021-04-29 13:55:25,1134
2021-04-29 13:55:30,1139
2021-04-29 13:55:35,1144
2021-04-29 13:55:40,1149
2021-04-29 13:55:45,1154
2021-04-29 13:55:50,1159
2021-04-29 13:55:55,1164
2021-04-29 13:56:00,1169
2021-04-29 13:56:05,1174
2021-04-29 13:56:10,1179
2021-04-29 13:56:15,1184
2021-04-29 13:56:20,1189
2021-04-29 13:56:25,1194
2021-04-29 13:56:30,1199
2021-04-29 13:56:35,1204
2021-04-29 13:56:40,1209
2021-04-29 13:56:45,1214
2021-04-29 13:56:50,1219
2021-04-29 13:56:55,1224
2021-04-29 13:57:00,1229
2021-04-29 13:57:05,1234
2021-04-29 13:57:10,1239
2021-04-29 13:57:15,1244
2021-04-29 13:57:20,1249
2021-04-29 13:57:25,1254
2021-04-29 13:57:30,1259
2021-04-29 13:57:35,1264
2021-04-29 13:57:40,1269
2021-04-29 13:57:45,1274
2021-04-29 13:57:50,1279
2021-04-29 13:57:55,1284
2021-04-29 13:58:00,1289
2021-04-29 13:58:05,1294
2021-04-29 13:58:10,1299
2021-04-29 13:58:15,1304
2021-04-29 13:58:20,1309
2021-04-29 13:58:25,1314
2021-04-29 13:58:30,1319
2021-04-29 13:58:35,1324
2021-04-29 13:58:40,1329
2021-04-29 13:58:45,1334
2021-04-29 13:58:50,1339
2021-04-29 13:58:55,1344
2021-04-29 13:59:00,1349
2021-04-29 13:59:05,1354
2021-04-29 13:59:10,1359
2021-04-29 13:59:15,1364
2021-04-29 13:59:20,1369
2021-04-29 13:59:25,1374
2021-04-29 13:59:30,1379
2021-04-29 13:59:35,1384
2021-04-29 13:59:40,1389
2021-04-29 13:59:45,1394
2021-04-29 13:59:50,1399
2021-04-29 13:59:55,1404
2021-04-29 14:00:00,1409
2021-04-29 14:00:05,1414
2021-04-29 14:00:10,1419
2021-04-29 14:00:15,1424
2021-04-29 14:00:20,1429
2021-04-29 14:00:25,1434
2021-04-29 14:00:30,1439
2021-04-29 14:00:35,1444
2021-04-29 14:00:40,1449
2021-04-29 14:00:45,1454
2021-04-29 14:00:50,1459
2021-04-29 14:00:55,1464
2021-04-29 14:01:00,1469
2021-04-29 14:01:05,1474
2021-04-29 14:01:10,1479
2021-04-29 14:01:15,1484
2021-04-29 14:01:20,1489
2021-04-29 14:01:25,1494
2021-04-29 14:01:30,1499
2021-04-29 14:01:35,1504
2021-04-29 14:01:40,1509
2021-04-29 14:01:45,1514
2021-04-29 14:01:50,1519
2021-04-29 14:01:55,1524
2021-04-29 14:02:00,1529
2021-04-29 14:02:05,1534
2021-04-29 14:02:10,1539
2021-04-29 14:02:15,1544
2021-04-29 14:02:20,1549
2021-04-29 14:02:25,1554
2021-04-29 14:02:30,1559
2021-04-29 14:02:35,1564
2021-04-29 14:02:40,1569
2021-04-29 14:02:45,1574
2021-04-29 14:02:50,1579
2021-04-29 14:02:55,1584
2021-04-29 14:03:00,1589
2021-04-29 14:03:05,1594
2021-04-29 14:03:10,1599
2021-04-29 14:03:15,1604
2021-04-29 14:03:20,1609
2021-04-29 14:03:25,1614
2021-04-29 14:03:30,1619
2021-04-29 14:03:35,1624
2021-04-29 14:03:40,1629
2021-04-29 14:03:45,1634
2021-04-29 14:03:50,1639
2021-04-29 14:03:55,1644
2021-04-29 14:04:00,1649
2021-04-29 14:04:05,1654
2021-04-29 14:04:10,1659
2021-04-29 14:04:15,1664
2021-04-29 14:04:20,1669
2021-04-29 14:04:25,1674
2021-04-29 14:04:30,1679
2021-04-29 14:04:35,1684
2021-04-29 14:04:40,1689
2021-04-29 14:04:45,1694
2021-04-29 14:04:50,1699
2021-04-29 14:04:55,1704
2021-04-29 14:05:00,1709
2021-04-29 14:05:05,1714
2021-04-29 14:05:10,1719
2021-04-29 14:05:15,1724
2021-04-29 14:05:20,1729
2021-04-29 14:05:25,1734
2021-04-29 14:05:30,1739
2021-04-29 14:05:35,1744
2021-04-29 14:05:40,1749
2021-04-29 14:05:45,1754
2021-04-29 14:05:50,1759
2021-04-29 14:05:55,1764
2021-04-29 14:06:00,1769
2021-04-29 14:06:05,1774
2021-04-29 14:06:10,1779
2021-04-29 14:06:15,1784
2021-04-29 14:06:20,1789
2021-04-29 14:06:25,1794
2021-04-29 14:06:30,1799
2021-04-29 14:06:35,1804
2021-04-29 14:06:40,1809
2021-04-29 14:06:45,1814
2021-04-29 14:06:50,1819
2021-04-29 14:06:55,1824
2021-04-29 14:07:00,1829
2021-04-29 14:07:05,1834
2021-04-29 14:07:10,1839
2021-04-29 14:07:15,1844
2021-04-29 14:07:20,1849
2021-04-29 14:07:25,1854
2021-04-29 14:07:30,1859
2021-04-29 14:07:35,1864
2021-04-29 14:07:40,1869
2021-04-29 14:07:45,1874
2021-04-29 14:07:50,1879
2021-04-29 14:07:55,1884
2021-04-29 14:08:00,1889
2021-04-29 14:08:05,1894
2021-04-29 14:08:10,1899
2021-04-29 14:08:15,1904
2021-04-29 14:08:20,1909
2021-04-29 14:08:25,1914
2021-04-29 14:08:30,1919
2021-04-29 14:08:35,1924
2021-04-29 14:08:40,1929
2021-04-29 14:08:45,1934
2021-04-29 14:08:50,1939
2021-04-29 14:08:55,1944
2021-04-29 14:09:00,1949
2021-04-29 14:09:05,1954
2021-04-29 14:09:10,1959
2021-04-29 14:09:15,1964
2021-04-29 14:09:20,1969
2021-04-29 14:09:25,1974
2021-04-29 14:09:30,1979
2021-04-29 14:09:35,1984
2021-04-29 14:09:40,1989
2021-04-29 14:09:45,1994
2021-04-29 14:09:50,1999
2021-04-29 14:09:55,2000
2021-04-29 14:10:00,2000
2021-04-29 14:10:05,2000
2021-04-29 14:10:10,2000
2021-04-29 14:10:15,2000
2021-04-29 14:10:20,2000
2021-04-29 14:10:25,2000
2021-04-29 14:10:30,2000
2021-04-29 14:10:35,2000
2021-04-29 14:10:40,2000
2021-04-29 14:10:45,2000
2021-04-29 14:10:50,2000
2021-04-29 14:10:55,2000
2021-04-29 14:11:00,2000
2021-04-29 14:11:05,2000
2021-04-29 14:11:10,2000
2021-04-29 14:11:15,2000
2021-04-29 14:11:20,2000
2021-04-29 14:11:25,2000
2021-04-29 14:11:30,2000
2021-04-29 14:11:35,2000
2021-04-29 14:11:40,2000
2021-04-29 14:11:45,2000
2021-04-29 14:11:50,2000
2021-04-29 14:11:55,2000
2021-04-29 14:12:00,2000
2021-04-29 14:12:05,2000
2021-04-29 14:12:10,2000
2021-04-29 14:12:15,2000
2021-04-29 14:12:20,2000
2021-04-29 14:12:25,2000
2021-04-29 14:12:30,2000
2021-04-29 14:12:35,2000
2021-04-29 14:12:40,2000
2021-04-29 14:12:45,2000
2021-04-29 14:12:50,2000
2021-04-29 14:12:55,2000
2021-04-29 14:13:00,2000
2021-04-29 14:13:05,2000
2021-04-29 14:13:10,2000
2021-04-29 14:13:15,2000
2021-04-29 14:13:20,2000
2021-04-29 14:13:25,2000
2021-04-29 14:13:30,2000
2021-04-29 14:13:35,2000
2021-04-29 14:13:40,2000
2021-04-29 14:13:45,2000
2021-04-29 14:13:50,2000
2021-04-29 14:13:55,2000
2021-04-29 14:14:00,2000
2021-04-29 14:14:05,2000
2021-04-29 14:14:10,2000
2021-04-29 14:14:15,2000
2021-04-29 14:14:20,2000
2021-04-29 14:14:25,2000
2021-04-29 14:14:30,2000
2021-04-29 14:14:35,2000
2021-04-29 14:14:40,2000
2021-04-29 14:14:45,2000
2021-04-29 14:14:50,2000
2021-04-29 14:14:55,2000
2021-04-29 14:15:00,2000
2021-04-29 14:15:05,2000
2021-04-29 14:15:10,2000
2021-04-29 14:15:15,2000
2021-04-29 14:15:20,2000
2021-04-29 14:15:25,2000
2021-04-29 14:15:30,2000
2021-04-29 14:15:35,2000
2021-04-29 14:15:40,2000
2021-04-29 14:15:45,2000
2021-04-29 14:15:50,2000
2021-04-29 14:15:55,2000
2021-04-29 14:16:00,2000
2021-04-29 14:16:05,2000
2021-04-29 14:16:10,2000
2021-04-29 14:16:15,2000
2021-04-29 14:16:20,2000
2021-04-29 14:16:25,2000
2021-04-29 14:16:30,2000
2021-04-29 14:16:35,2000
2021-04-29 14:16:40,2000
2021-04-29 14:16:45,2000
2021-04-29 14:16:50,2000
2021-04-29 14:16:55,2000
2021-04-29 14:17:00,2000
2021-04-29 14:17:05,2000
2021-04-29 14:17:10,2000
2021-04-29 14:17:15,2000
2021-04-29 14:17:20,2000
2021-04-29 14:17:25,2000
2021-04-29 14:17:30,2000
2021-04-29 14:17:35,2000
2021-04-29 14:17:40,2000
2021-04-29 14:17:45,2000
2021-04-29 14:17:50,2000
2021-04-29 14:17:55,2000
2021-04-29 14:18:00,2000
2021-04-29 14:18:05,2000
2021-04-29 14:18:10,2000
2021-04-29 14:18:15,2000
2021-04-29 14:18:20,2000
2021-04-29 14:18:25,2000
2021-04-29 14:18:30,2000
2021-04-29 14:18:35,2000
2021-04-29 14:18:40,2000
2021-04-29 14:18:45,2000
2021-04-29 14:18:50,2000
2021-04-29 14:18:55,2000
2021-04-29 14:19:00,2000
2021-04-29 14:19:05,2000
2021-04-29 14:19:10,2000
2021-04-29 14:19:15,2000
2021-04-29 14:19:20,2000
2021-04-29 14:19:25,2000
2021-04-29 14:19:30,2000
2021-04-29 14:19:35,2000
2021-04-29 14:19:40,2000
2021-04-29 14:19:45,2000
2021-04-29 14:19:50,2000
2021-04-29 14:19:55,1996
2021-04-29 14:20:00,1991
2021-04-29 14:20:05,1986
2021-04-29 14:20:10,1981
2021-04-29 14:20:15,1976
2021-04-29 14:20:20,1971
2021-04-29 14:20:25,1966
2021-04-29 14:20:30,1961
2021-04-29 14:20:35,1956
2021-04-29 14:20:40,1951
2021-04-29 14:20:45,1946
2021-04-29 14:20:50,1941
2021-04-29 14:20:55,1936
2021-04-29 14:21:00,1931
2021-04-29 14:21:05,1926
2021-04-29 14:21:10,1921
2021-04-29 14:21:15,1916
2021-04-29 14:21:20,1911
2021-04-29 14:21:25,1906
2021-04-29 14:21:30,1901
2021-04-29 14:21:35,1896
2021-04-29 14:21:40,1891
2021-04-29 14:21:45,1886
2021-04-29 14:21:50,1881
2021-04-29 14:21:55,1876
2021-04-29 14:22:00,1871
2021-04-29 14:22:05,1866
2021-04-29 14:22:10,1861
2021-04-29 14:22:15,1856
2021-04-29 14:22:20,1851
2021-04-29 14:22:25,1846
2021-04-29 14:22:30,1841
2021-04-29 14:22:35,1836
2021-04-29 14:22:40,1831
2021-04-29 14:22:45,1826
2021-04-29 14:22:50,1821
2021-04-29 14:22:55,1816
2021-04-29 14:23:00,1811
2021-04-29 14:23:05,1806
2021-04-29 14:23:10,1801
2021-04-29 14:23:15,1796
2021-04-29 14:23:20,1791
2021-04-29 14:23:25,1786
2021-04-29 14:23:30,1781
2021-04-29 14:23:35,1776
2021-04-29 14:23:40,1771
2021-04-29 14:23:45,1766
2021-04-29 14:23:50,1761
2021-04-29 14:23:55,1756
2021-04-29 14:24:00,1751
2021-04-29 14:24:05,1746
2021-04-29 14:24:10,1741
2021-04-29 14:24:15,1736
2021-04-29 14:24:20,1731
2021-04-29 14:24:25,1726
2021-04-29 14:24:30,1721
2021-04-29 14:24:35,1716
2021-04-29 14:24:40,1711
2021-04-29 14:24:45,1706
2021-04-29 14:24:50,1701
2021-04-29 14:24:55,1696
2021-04-29 14:25:00,1691
2021-04-29 14:25:05,1686
2021-04-29 14:25:10,1681
2021-04-29 14:25:15,1676
2021-04-29 14:25:20,1671
2021-04-29 14:25:25,1666
2021-04-29 14:25:30,1661
2021-04-29 14:25:35,1656
2021-04-29 14:25:40,1651
2021-04-29 14:25:45,1646
2021-04-29 14:25:50,1641
2021-04-29 14:25:55,1636
2021-04-29 14:26:00,1631
2021-04-29 14:26:05,1626
2021-04-29 14:26:10,1621
2021-04-29 14:26:15,1616
2021-04-29 14:26:20,1611
2021-04-29 14:26:25,1606
2021-04-29 14:26:30,1601
2021-04-29 14:26:35,1596
2021-04-29 14:26:40,1591
2021-04-29 14:26:45,1586
2021-04-29 14:26:50,1581
2021-04-29 14:26:55,1576
2021-04-29 14:27:00,1571
2021-04-29 14:27:05,1566
2021-04-29 14:27:10,1561
2021-04-29 14:27:15,1556
2021-04-29 14:27:20,1551
2021-04-29 14:27:25,1546
2021-04-29 14:27:30,1541
2021-04-29 14:27:35,1536
2021-04-29 14:27:40,1531
2021-04-29 14:27:45,1526
2021-04-29 14:27:50,1521
2021-04-29 14:27:55,1516
2021-04-29 14:28:00,1511
2021-04-29 14:28:05,1506
2021-04-29 14:28:10,1501
2021-04-29 14:28:15,1496
2021-04-29 14:28:20,1491
2021-04-29 14:28:25,1486
2021-04-29 14:28:30,1481
2021-04-29 14:28:35,1476
2021-04-29 14:28:40,1471
2021-04-29 14:28:45,1466
2021-04-29 14:28:50,1461
2021-04-29 14:28:55,1456
2021-04-29 14:29:00,1451
2021-04-29 14:29:05,1446
2021-04-29 14:29:10,1441
2021-04-29 14:29:15,1436
2021-04-29 14:29:20,1431
2021-04-29 14:29:25,1426
2021-04-29 14:29:30,1421
2021-04-29 14:29:35,1416
2021-04-29 14:29:40,1411
2021-04-29 14:29:45,1406
2021-04-29 14:29:50,1401
2021-04-29 14:29:55,1396
2021-04-29 14:30:00,1391
2021-04-29 14:30:05,1386
2021-04-29 14:30:10,1381
2021-04-29 14:30:15,1376
2021-04-29 14:30:20,1371
2021-04-29 14:30:25,1366
2021-04-29 14:30:30,1361
2021-04-29 14:30:35,1356
2021-04-29 14:30:40,1351
2021-04-29 14:30:45,1346
2021-04-29 14:30:50,1341
2021-04-29 14:30:55,1335
2021-04-29 14:31:00,1330
2021-04-29 14:31:05,1325
2021-04-29 14:31:10,1320
2021-04-29 14:31:15,1315
2021-04-29 14:31:20,1310
2021-04-29 14:31:25,1305
2021-04-29 14:31:30,1300
2021-04-29 14:31:35,1295
2021-04-29 14:31:40,1290
2021-04-29 14:31:45,1285
2021-04-29 14:31:50,1280
2021-04-29 14:31:55,1275
2021-04-29 14:32:00,1270
2021-04-29 14:32:05,1265
2021-04-29 14:32:10,1260
2021-04-29 14:32:15,1255
2021-04-29 14:32:20,1250
2021-04-29 14:32:25,1245
2021-04-29 14:32:30,1240
2021-04-29 14:32:35,1235
2021-04-29 14:32:40,1230
2021-04-29 14:32:45,1225
2021-04-29 14:32:50,1220
2021-04-29 14:32:55,1215
2021-04-29 14:33:00,1210
2021-04-29 14:33:05,1205
2021-04-29 14:33:10,1200
2021-04-29 14:33:15,1195
2021-04-29 14:33:20,1190
2021-04-29 14:33:25,1185
2021-04-29 14:33:30,1180
2021-04-29 14:33:35,1175
2021-04-29 14:33:40,1170
2021-04-29 14:33:45,1165
2021-04-29 14:33:50,1160
2021-04-29 14:33:55,1155
2021-04-29 14:34:00,1150
2021-04-29 14:34:05,1145
2021-04-29 14:34:10,1140
2021-04-29 14:34:15,1135
2021-04-29 14:34:20,1130
2021-04-29 14:34:25,1125
2021-04-29 14:34:30,1120
2021-04-29 14:34:35,1115
2021-04-29 14:34:40,1110
2021-04-29 14:34:45,1106
2021-04-29 14:34:50,1101
2021-04-29 14:34:55,1096
2021-04-29 14:35:00,1091
2021-04-29 14:35:05,1086
2021-04-29 14:35:10,1081
2021-04-29 14:35:15,1076
2021-04-29 14:35:20,1071
2021-04-29 14:35:25,1066
2021-04-29 14:35:30,1061
2021-04-29 14:35:35,1056
2021-04-29 14:35:40,1051
2021-04-29 14:35:45,1046
2021-04-29 14:35:50,1041
2021-04-29 14:35:55,1036
2021-04-29 14:36:00,1031
2021-04-29 14:36:05,1026
2021-04-29 14:36:10,1021
2021-04-29 14:36:15,1016
2021-04-29 14:36:20,1011
2021-04-29 14:36:25,1006
2021-04-29 14:36:30,1001
2021-04-29 14:36:35,1000
2021-04-29 14:36:40,1000
2021-04-29 14:36:45,1000
2021-04-29 14:36:50,1000
2021-04-29 14:36:55,1000
2021-04-29 14:37:00,1000
2021-04-29 14:37:05,1000
2021-04-29 14:37:10,1000
2021-04-29 14:37:15,1000
2021-04-29 14:37:20,1000
2021-04-29 14:37:25,1000
2021-04-29 14:37:30,1000
2021-04-29 14:37:35,1000
2021-04-29 14:37:40,1000
2021-04-29 14:37:45,1000
2021-04-29 14:37:50,1000
2021-04-29 14:37:55,1000
2021-04-29 14:38:00,1000
2021-04-29 14:38:05,1000
2021-04-29 14:38:10,1000
2021-04-29 14:38:15,1000
2021-04-29 14:38:20,1000
2021-04-29 14:38:25,1000
2021-04-29 14:38:30,1000
2021-04-29 14:38:35,1000
2021-04-29 14:38:40,1000
2021-04-29 14:38:45,1000
2021-04-29 14:38:50,1000
2021-04-29 14:38:55,1000
2021-04-29 14:39:00,1000
2021-04-29 14:39:05,1000
2021-04-29 14:39:10,1000
2021-04-29 14:39:15,1000
2021-04-29 14:39:20,1000
2021-04-29 14:39:25,1000
2021-04-29 14:39:30,1000
2021-04-29 14:39:35,1000
2021-04-29 14:39:40,1000
2021-04-29 14:39:45,1000
2021-04-29 14:39:50,1000
2021-04-29 14:39:55,1000
2021-04-29 14:40:00,1000
2021-04-29 14:40:05,1000
2021-04-29 14:40:10,1000
2021-04-29 14:40:15,1000
2021-04-29 14:40:20,1000
2021-04-29 14:40:25,1000
2021-04-29 14:40:30,1000
2021-04-29 14:40:35,1000
2021-04-29 14:40:40,1000
2021-04-29 14:40:45,1000
2021-04-29 14:40:50,1000
2021-04-29 14:40:55,1000
2021-04-29 14:41:00,1000
2021-04-29 14:41:05,1000
2021-04-29 14:41:10,1000
2021-04-29 14:41:15,1000
2021-04-29 14:41:20,1000
2021-04-29 14:41:25,1000
2021-04-29 14:41:30,1000
2021-04-29 14:41:35,1000
2021-04-29 14:41:40,1000
2021-04-29 14:41:45,1000
2021-04-29 14:41:50,1000
2021-04-29 14:41:55,1000
2021-04-29 14:42:00,1000
2021-04-29 14:42:05,1000
2021-04-29 14:42:10,1000
2021-04-29 14:42:15,1000
2021-04-29 14:42:20,1000
2021-04-29 14:42:25,1000
2021-04-29 14:42:30,1000
2021-04-29 14:42:35,1000
2021-04-29 14:42:40,1000
2021-04-29 14:42:45,1000
2021-04-29 14:42:50,1000
2021-04-29 14:42:55,1000
2021-04-29 14:43:00,1000
2021-04-29 14:43:05,1000
2021-04-29 14:43:10,1000
2021-04-29 14:43:15,1000
2021-04-29 14:43:20,1000
2021-04-29 14:43:25,1000
2021-04-29 14:43:30,1000
2021-04-29 14:43:35,1000
2021-04-29 14:43:40,1000
2021-04-29 14:43:45,1000
2021-04-29 14:43:50,1000
2021-04-29 14:43:55,1000
2021-04-29 14:44:00,1000
2021-04-29 14:44:05,1000
2021-04-29 14:44:10,1000
2021-04-29 14:44:15,1000
2021-04-29 14:44:20,1000
2021-04-29 14:44:25,1000
2021-04-29 14:44:30,1000
2021-04-29 14:44:35,1000
2021-04-29 14:44:40,1000
2021-04-29 14:44:45,1000
2021-04-29 14:44:50,1000
2021-04-29 14:44:55,1000
2021-04-29 14:45:00,1000
2021-04-29 14:45:05,1000
2021-04-29 14:45:10,1000
2021-04-29 14:45:15,1000
2021-04-29 14:45:20,1000
2021-04-29 14:45:25,1000
2021-04-29 14:45:30,1000
2021-04-29 14:45:35,1000
2021-04-29 14:45:40,1000
2021-04-29 14:45:45,1000
2021-04-29 14:45:50,1000
2021-04-29 14:45:55,1000
2021-04-29 14:46:00,1000
2021-04-29 14:46:05,1000
2021-04-29 14:46:10,1000
2021-04-29 14:46:15,1000
2021-04-29 14:46:20,1000
2021-04-29 14:46:25,1000
2021-04-29 14:46:30,1000
2021-04-29 14:46:35,0
2021-04-29 14:46:40,0
2021-04-29 14:46:45,0
2021-04-29 14:46:50,0
2021-04-29 14:46:55,0

