"Time","request","limits","profiling","usage"
2021-05-04 16:27:15,,,,
2021-05-04 16:27:20,,,,101187584
2021-05-04 16:27:25,,,,101187584
2021-05-04 16:27:30,,,0,101187584
2021-05-04 16:27:35,,,0,101187584
2021-05-04 16:27:40,,,0,101187584
2021-05-04 16:27:45,,,0,101187584
2021-05-04 16:27:50,,,0,426414080
2021-05-04 16:27:55,,,0,426414080
2021-05-04 16:28:00,,,0,426414080
2021-05-04 16:28:05,,,0,426414080
2021-05-04 16:28:10,,,0,426414080
2021-05-04 16:28:15,,,0,426414080
2021-05-04 16:28:20,,,0,430383104
2021-05-04 16:28:25,,,0,430383104
2021-05-04 16:28:30,,,0,430383104
2021-05-04 16:28:35,,,0,430383104
2021-05-04 16:28:40,,,0,430383104
2021-05-04 16:28:45,,,0,430383104
2021-05-04 16:28:50,,,0,447610880
2021-05-04 16:28:55,,,0,447610880
2021-05-04 16:29:00,,,0,447610880
2021-05-04 16:29:05,,,0,447610880
2021-05-04 16:29:10,,,0,447610880
2021-05-04 16:29:15,,,0,447610880
2021-05-04 16:29:20,,,0,461615104
2021-05-04 16:29:25,,,0,461615104
2021-05-04 16:29:30,,,0,461615104
2021-05-04 16:29:35,,,0,461615104
2021-05-04 16:29:40,,,0,461615104
2021-05-04 16:29:45,,,0,461615104
2021-05-04 16:29:50,,,481975780,481890304
2021-05-04 16:29:55,,,481975780,481890304
2021-05-04 16:30:00,,,481975780,481890304
2021-05-04 16:30:05,,,481975780,481890304
2021-05-04 16:30:10,,,481975780,481890304
2021-05-04 16:30:15,,,481975780,481890304
2021-05-04 16:30:20,,,481975780,496381952
2021-05-04 16:30:25,,,481975780,496381952
2021-05-04 16:30:30,,,481975780,496381952
2021-05-04 16:30:35,,,481975780,496381952
2021-05-04 16:30:40,,,481975780,496381952
2021-05-04 16:30:45,,,481975780,496381952
2021-05-04 16:30:50,,,481975780,544030720
2021-05-04 16:30:55,,,481975780,544030720
2021-05-04 16:31:00,,,481975780,544030720
2021-05-04 16:31:05,,,481975780,544030720
2021-05-04 16:31:10,,,481975780,544030720
2021-05-04 16:31:15,,,481975780,544030720
2021-05-04 16:31:20,,,481975780,583282688
2021-05-04 16:31:25,,,481975780,583282688
2021-05-04 16:31:30,,,481975780,583282688
2021-05-04 16:31:35,,,481975780,583282688
2021-05-04 16:31:40,,,481975780,583282688
2021-05-04 16:31:45,,,481975780,583282688
2021-05-04 16:31:50,,,481975780,634527744
2021-05-04 16:31:55,,,481975780,634527744
2021-05-04 16:32:00,,,481975780,634527744
2021-05-04 16:32:05,,,481975780,634527744
2021-05-04 16:32:10,,,481975780,634527744
2021-05-04 16:32:15,,,481975780,634527744
2021-05-04 16:32:20,,,481975780,696905728
2021-05-04 16:32:25,,,481975780,696905728
2021-05-04 16:32:30,,,481975780,696905728
2021-05-04 16:32:35,,,481975780,696905728
2021-05-04 16:32:40,,,481975780,696905728
2021-05-04 16:32:45,,,481975780,696905728
2021-05-04 16:32:50,,,712343068,712327168
2021-05-04 16:32:55,,,712343068,712327168
2021-05-04 16:33:00,,,712343068,712327168
2021-05-04 16:33:05,,,712343068,712327168
2021-05-04 16:33:10,,,712343068,712327168
2021-05-04 16:33:15,,,712343068,712327168
2021-05-04 16:33:20,,,712343068,718041088
2021-05-04 16:33:25,,,712343068,718041088
2021-05-04 16:33:30,,,712343068,718041088
2021-05-04 16:33:35,,,712343068,718041088
2021-05-04 16:33:40,,,712343068,718041088
2021-05-04 16:33:45,,,712343068,718041088
2021-05-04 16:33:50,,,712343068,726515712
2021-05-04 16:33:55,,,712343068,726515712
2021-05-04 16:34:00,,,712343068,726515712
2021-05-04 16:34:05,,,712343068,726515712
2021-05-04 16:34:10,,,712343068,726515712
2021-05-04 16:34:15,,,712343068,726515712
2021-05-04 16:34:20,,,712343068,728621056
2021-05-04 16:34:25,,,712343068,728621056
2021-05-04 16:34:30,,,712343068,728621056
2021-05-04 16:34:35,,,712343068,728621056
2021-05-04 16:34:40,,,712343068,728621056
2021-05-04 16:34:45,,,712343068,728621056
2021-05-04 16:34:50,,,712343068,760397824
2021-05-04 16:34:55,,,712343068,760397824
2021-05-04 16:35:00,,,712343068,760397824
2021-05-04 16:35:05,,,712343068,760397824
2021-05-04 16:35:10,,,712343068,760397824
2021-05-04 16:35:15,,,712343068,760397824
2021-05-04 16:35:20,,,712343068,760520704
2021-05-04 16:35:25,,,712343068,760520704
2021-05-04 16:35:30,,,712343068,760520704
2021-05-04 16:35:35,,,712343068,760520704
2021-05-04 16:35:40,,,712343068,760520704
2021-05-04 16:35:45,,,712343068,760520704
2021-05-04 16:35:50,,,761826700,761737216
2021-05-04 16:35:55,,,761826700,761737216
2021-05-04 16:36:00,,,761826700,761737216
2021-05-04 16:36:05,,,761826700,761737216
2021-05-04 16:36:10,,,761826700,761737216
2021-05-04 16:36:15,,,761826700,761737216
2021-05-04 16:36:20,,,761826700,764248064
2021-05-04 16:36:25,,,761826700,764248064
2021-05-04 16:36:30,,,761826700,764248064
2021-05-04 16:36:35,,,761826700,764248064
2021-05-04 16:36:40,,,761826700,764248064
2021-05-04 16:36:45,,,761826700,764248064
2021-05-04 16:36:50,,,761826700,765386752
2021-05-04 16:36:55,,,761826700,765386752
2021-05-04 16:37:00,,,761826700,765386752
2021-05-04 16:37:05,,,761826700,765386752
2021-05-04 16:37:10,,,761826700,765386752
2021-05-04 16:37:15,,,761826700,765386752
2021-05-04 16:37:20,,,761826700,766210048
2021-05-04 16:37:25,,,761826700,766210048
2021-05-04 16:37:30,,,761826700,766210048
2021-05-04 16:37:35,,,761826700,766210048
2021-05-04 16:37:40,,,761826700,766210048
2021-05-04 16:37:45,,,761826700,766210048
2021-05-04 16:37:50,,,761826700,769380352
2021-05-04 16:37:55,,,761826700,769380352
2021-05-04 16:38:00,,,761826700,769380352
2021-05-04 16:38:05,,,761826700,769380352
2021-05-04 16:38:10,,,761826700,769380352
2021-05-04 16:38:15,,,761826700,769380352
2021-05-04 16:38:20,,,761826700,770936832
2021-05-04 16:38:25,,,761826700,770936832
2021-05-04 16:38:30,,,761826700,770936832
2021-05-04 16:38:35,,,761826700,770936832
2021-05-04 16:38:40,,,761826700,770936832
2021-05-04 16:38:45,,,761826700,770936832
2021-05-04 16:38:50,,,773633431,773144576
2021-05-04 16:38:55,,,773633431,773144576
2021-05-04 16:39:00,,,773633431,773144576
2021-05-04 16:39:05,,,773633431,773144576
2021-05-04 16:39:10,,,773633431,773144576
2021-05-04 16:39:15,,,773633431,773144576
2021-05-04 16:39:20,,,773633431,773001216
2021-05-04 16:39:25,,,773633431,773001216
2021-05-04 16:39:30,,,773633431,773001216
2021-05-04 16:39:35,,,773633431,773001216
2021-05-04 16:39:40,,,773633431,773001216
2021-05-04 16:39:45,,,773633431,773001216
2021-05-04 16:39:50,,,773633431,774811648
2021-05-04 16:39:55,,,773633431,774811648
2021-05-04 16:40:00,,,773633431,774811648
2021-05-04 16:40:05,,,773633431,774811648
2021-05-04 16:40:10,,,773633431,774811648
2021-05-04 16:40:15,,,773633431,774811648
2021-05-04 16:40:20,,,773633431,776060928
2021-05-04 16:40:25,,,773633431,776060928
2021-05-04 16:40:30,,,773633431,776060928
2021-05-04 16:40:35,,,773633431,776060928
2021-05-04 16:40:40,,,773633431,776060928
2021-05-04 16:40:45,,,773633431,776060928
2021-05-04 16:40:50,,,773633431,777093120
2021-05-04 16:40:55,,,773633431,777093120
2021-05-04 16:41:00,,,773633431,777093120
2021-05-04 16:41:05,,,773633431,777093120
2021-05-04 16:41:10,,,773633431,777093120
2021-05-04 16:41:15,,,773633431,777093120
2021-05-04 16:41:20,,,773633431,779915264
2021-05-04 16:41:25,,,773633431,779915264
2021-05-04 16:41:30,,,773633431,779915264
2021-05-04 16:41:35,,,773633431,779915264
2021-05-04 16:41:40,,,773633431,779915264
2021-05-04 16:41:45,,,773633431,779915264
2021-05-04 16:41:50,,,781615104,781549568
2021-05-04 16:41:55,,,781615104,781549568
2021-05-04 16:42:00,,,781615104,781549568
2021-05-04 16:42:05,,,781615104,781549568
2021-05-04 16:42:10,,,781615104,781549568
2021-05-04 16:42:15,,,781615104,781549568
2021-05-04 16:42:20,,,781615104,782512128
2021-05-04 16:42:25,,,781615104,782512128
2021-05-04 16:42:30,,,781615104,782512128
2021-05-04 16:42:35,,,781615104,782512128
2021-05-04 16:42:40,,,781615104,782512128
2021-05-04 16:42:45,,,781615104,782512128
2021-05-04 16:42:50,,,781615104,783986688
2021-05-04 16:42:55,,,781615104,783986688
2021-05-04 16:43:00,,,781615104,783986688
2021-05-04 16:43:05,,,781615104,783986688
2021-05-04 16:43:10,,,781615104,783986688
2021-05-04 16:43:15,,,781615104,783986688
2021-05-04 16:43:20,,,781615104,784785408
2021-05-04 16:43:25,,,781615104,784785408
2021-05-04 16:43:30,,,781615104,784785408
2021-05-04 16:43:35,,,781615104,784785408
2021-05-04 16:43:40,,,781615104,784785408
2021-05-04 16:43:45,,,781615104,784785408
2021-05-04 16:43:50,,,781615104,787898368
2021-05-04 16:43:55,,,781615104,787898368
2021-05-04 16:44:00,,,781615104,787898368
2021-05-04 16:44:05,,,781615104,787898368
2021-05-04 16:44:10,,,781615104,787898368
2021-05-04 16:44:15,,,781615104,787898368
2021-05-04 16:44:20,,,781615104,789516288
2021-05-04 16:44:25,,,781615104,789516288
2021-05-04 16:44:30,,,781615104,789516288
2021-05-04 16:44:35,,,781615104,789516288
2021-05-04 16:44:40,,,781615104,789516288
2021-05-04 16:44:45,,,781615104,789516288
2021-05-04 16:44:50,,,790171631,789594112
2021-05-04 16:44:55,,,790171631,789594112
2021-05-04 16:45:00,,,790171631,789594112
2021-05-04 16:45:05,,,790171631,789594112
2021-05-04 16:45:10,,,790171631,789594112
2021-05-04 16:45:15,,,790171631,789594112
2021-05-04 16:45:20,,,790171631,792629248
2021-05-04 16:45:25,,,790171631,792629248
2021-05-04 16:45:30,,,790171631,792629248
2021-05-04 16:45:35,,,790171631,792629248
2021-05-04 16:45:40,,,790171631,792629248
2021-05-04 16:45:45,,,790171631,792629248
2021-05-04 16:45:50,,,790171631,794361856
2021-05-04 16:45:55,,,790171631,794361856
2021-05-04 16:46:00,,,790171631,794361856
2021-05-04 16:46:05,,,790171631,794361856
2021-05-04 16:46:10,,,790171631,794361856
2021-05-04 16:46:15,,,790171631,794361856
2021-05-04 16:46:20,,,790171631,796557312
2021-05-04 16:46:25,,,790171631,796557312
2021-05-04 16:46:30,,,790171631,796557312
2021-05-04 16:46:35,,,790171631,796557312
2021-05-04 16:46:40,,,790171631,796557312
2021-05-04 16:46:45,,,790171631,796557312
2021-05-04 16:46:50,,,790171631,797515776
2021-05-04 16:46:55,,,790171631,797515776
2021-05-04 16:47:00,,,790171631,797515776
2021-05-04 16:47:05,,,790171631,797515776
2021-05-04 16:47:10,,,790171631,797515776
2021-05-04 16:47:15,,,790171631,797515776
2021-05-04 16:47:20,,,790171631,798801920
2021-05-04 16:47:25,,,790171631,798801920
2021-05-04 16:47:30,,,790171631,798801920
2021-05-04 16:47:35,,,790171631,798801920
2021-05-04 16:47:40,,,790171631,798801920
2021-05-04 16:47:45,,,790171631,798801920
2021-05-04 16:47:50,,,799553443,799096832
2021-05-04 16:47:55,,,799553443,799096832
2021-05-04 16:48:00,,,799553443,799096832
2021-05-04 16:48:05,,,799553443,799096832
2021-05-04 16:48:10,,,799553443,799096832
2021-05-04 16:48:15,,,799553443,799096832
2021-05-04 16:48:20,,,799553443,800231424
2021-05-04 16:48:25,,,799553443,800231424
2021-05-04 16:48:30,,,799553443,800231424
2021-05-04 16:48:35,,,799553443,800231424
2021-05-04 16:48:40,,,799553443,800231424
2021-05-04 16:48:45,,,799553443,800231424
2021-05-04 16:48:50,,,799553443,801525760
2021-05-04 16:48:55,,,799553443,801525760
2021-05-04 16:49:00,,,799553443,801525760
2021-05-04 16:49:05,,,799553443,801525760
2021-05-04 16:49:10,,,799553443,801525760
2021-05-04 16:49:15,,,799553443,801525760
2021-05-04 16:49:20,,,799553443,802226176
2021-05-04 16:49:25,,,799553443,802226176
2021-05-04 16:49:30,,,799553443,802226176
2021-05-04 16:49:35,,,799553443,802226176
2021-05-04 16:49:40,,,799553443,802226176
2021-05-04 16:49:45,,,799553443,802226176
2021-05-04 16:49:50,,,799553443,803364864
2021-05-04 16:49:55,,,799553443,803364864
2021-05-04 16:50:00,,,799553443,803364864
2021-05-04 16:50:05,,,799553443,803364864
2021-05-04 16:50:10,,,799553443,803364864
2021-05-04 16:50:15,,,799553443,803364864
2021-05-04 16:50:20,,,799553443,805564416
2021-05-04 16:50:25,,,799553443,805564416
2021-05-04 16:50:30,,,799553443,805564416
2021-05-04 16:50:35,,,799553443,805564416
2021-05-04 16:50:40,,,799553443,805564416
2021-05-04 16:50:45,,,799553443,805564416
2021-05-04 16:50:50,,,806092800,806088704
2021-05-04 16:50:55,,,806092800,806088704
2021-05-04 16:51:00,,,806092800,806088704
2021-05-04 16:51:05,,,806092800,806088704
2021-05-04 16:51:10,,,806092800,806088704
2021-05-04 16:51:15,,,806092800,806088704
2021-05-04 16:51:20,,,806092800,809107456
2021-05-04 16:51:25,,,806092800,809107456
2021-05-04 16:51:30,,,806092800,809107456
2021-05-04 16:51:35,,,806092800,809107456
2021-05-04 16:51:40,,,806092800,809107456
2021-05-04 16:51:45,,,806092800,809107456
2021-05-04 16:51:50,,,806092800,811229184
2021-05-04 16:51:55,,,806092800,811229184
2021-05-04 16:52:00,,,806092800,811229184
2021-05-04 16:52:05,,,806092800,811229184
2021-05-04 16:52:10,,,806092800,811229184
2021-05-04 16:52:15,,,806092800,811229184
2021-05-04 16:52:20,,,806092800,811819008
2021-05-04 16:52:25,,,806092800,811819008
2021-05-04 16:52:30,,,806092800,811819008
2021-05-04 16:52:35,,,806092800,811819008
2021-05-04 16:52:40,,,806092800,811819008
2021-05-04 16:52:45,,,806092800,811819008
2021-05-04 16:52:50,,,806092800,814424064
2021-05-04 16:52:55,,,806092800,814424064
2021-05-04 16:53:00,,,806092800,814424064
2021-05-04 16:53:05,,,806092800,814424064
2021-05-04 16:53:10,,,806092800,814424064
2021-05-04 16:53:15,,,806092800,814424064
2021-05-04 16:53:20,,,806092800,816250880
2021-05-04 16:53:25,,,806092800,816250880
2021-05-04 16:53:30,,,806092800,816250880
2021-05-04 16:53:35,,,806092800,816250880
2021-05-04 16:53:40,,,806092800,816250880
2021-05-04 16:53:45,,,806092800,816250880
2021-05-04 16:53:50,,,818507050,818499584
2021-05-04 16:53:55,,,818507050,818499584
2021-05-04 16:54:00,,,818507050,818499584
2021-05-04 16:54:05,,,818507050,818499584
2021-05-04 16:54:10,,,818507050,870989824
2021-05-04 16:54:15,,,818507050,870989824
2021-05-04 16:54:20,1223688192,2014314496,818507050,664289280
2021-05-04 16:54:25,1223688192,2014314496,818507050,664289280
2021-05-04 16:54:30,1223688192,2014314496,818507050,664289280
2021-05-04 16:54:35,1223688192,2014314496,818507050,664289280
2021-05-04 16:54:40,1223688192,2014314496,818507050,806014976
2021-05-04 16:54:45,1223688192,2014314496,818507050,806014976
2021-05-04 16:54:50,1223688192,2014314496,818507050,829186048
2021-05-04 16:54:55,1223688192,2014314496,818507050,829186048
2021-05-04 16:55:00,1223688192,2014314496,818507050,829186048
2021-05-04 16:55:05,1223688192,2014314496,818507050,829186048
2021-05-04 16:55:10,1223688192,2014314496,818507050,862695424
2021-05-04 16:55:15,1223688192,2014314496,818507050,862695424
2021-05-04 16:55:20,1223688192,2014314496,818507050,389423104
2021-05-04 16:55:25,1223688192,2014314496,818507050,389423104
2021-05-04 16:55:30,1223688192,2014314496,818507050,389423104
2021-05-04 16:55:35,1223688192,2014314496,818507050,389423104
2021-05-04 16:55:40,1223688192,2014314496,818507050,432996352
2021-05-04 16:55:45,1223688192,2014314496,818507050,432996352
2021-05-04 16:55:50,1223688192,2014314496,818507050,433799168
2021-05-04 16:55:55,1223688192,2014314496,818507050,433799168
2021-05-04 16:56:00,1223688192,2014314496,818507050,433799168
2021-05-04 16:56:05,1223688192,2014314496,818507050,433799168
2021-05-04 16:56:10,1223688192,2014314496,818507050,454963200
2021-05-04 16:56:15,1223688192,2014314496,818507050,454963200
2021-05-04 16:56:20,1223688192,2014314496,818507050,461348864
2021-05-04 16:56:25,1223688192,2014314496,818507050,461348864
2021-05-04 16:56:30,1223688192,2014314496,818507050,461348864
2021-05-04 16:56:35,1223688192,2014314496,818507050,461348864
2021-05-04 16:56:40,1223688192,2014314496,818507050,478236672
2021-05-04 16:56:45,1223688192,2014314496,818507050,478236672
2021-05-04 16:56:50,1223688192,2014314496,818507050,479248384
2021-05-04 16:56:55,1223688192,2014314496,781673914,479248384
2021-05-04 16:57:00,1223688192,2014314496,781673914,479248384
2021-05-04 16:57:05,1223688192,2014314496,781673914,479248384
2021-05-04 16:57:10,1223688192,2014314496,781673914,489623552
2021-05-04 16:57:15,1223688192,2014314496,781673914,489623552
2021-05-04 16:57:20,1233125376,2030043136,781673914,479039488
2021-05-04 16:57:25,1233125376,2030043136,781673914,479039488
2021-05-04 16:57:30,1233125376,2030043136,781673914,479039488
2021-05-04 16:57:35,1233125376,2030043136,781673914,479039488
2021-05-04 16:57:40,1233125376,2030043136,781673914,490631168
2021-05-04 16:57:45,1233125376,2030043136,781673914,490631168
2021-05-04 16:57:50,1233125376,2030043136,781673914,496041984
2021-05-04 16:57:55,1233125376,2030043136,781673914,496041984
2021-05-04 16:58:00,1233125376,2030043136,781673914,496041984
2021-05-04 16:58:05,1233125376,2030043136,781673914,496041984
2021-05-04 16:58:10,1233125376,2030043136,781673914,507494400
2021-05-04 16:58:15,1233125376,2030043136,781673914,507494400
2021-05-04 16:58:20,1233125376,2030043136,781673914,511246336
2021-05-04 16:58:25,1233125376,2030043136,781673914,511246336
2021-05-04 16:58:30,1233125376,2030043136,781673914,511246336
2021-05-04 16:58:35,1233125376,2030043136,781673914,511246336
2021-05-04 16:58:40,1233125376,2030043136,781673914,520753152
2021-05-04 16:58:45,1233125376,2030043136,781673914,520753152
2021-05-04 16:58:50,1233125376,2030043136,781673914,520957952
2021-05-04 16:58:55,1233125376,2030043136,781673914,520957952
2021-05-04 16:59:00,1233125376,2030043136,781673914,520957952
2021-05-04 16:59:05,1233125376,2030043136,781673914,520957952
2021-05-04 16:59:10,1233125376,2030043136,781673914,529760256
2021-05-04 16:59:15,1233125376,2030043136,781673914,529760256
2021-05-04 16:59:20,1233125376,2030043136,781673914,531877888
2021-05-04 16:59:25,1233125376,2030043136,781673914,531877888
2021-05-04 16:59:30,1233125376,2030043136,781673914,531877888
2021-05-04 16:59:35,1233125376,2030043136,781673914,531877888
2021-05-04 16:59:40,1233125376,2030043136,781673914,537772032
2021-05-04 16:59:45,1233125376,2030043136,781673914,537772032
2021-05-04 16:59:50,1233125376,2030043136,781673914,541929472
2021-05-04 16:59:55,1233125376,2030043136,703434848,541929472
2021-05-04 17:00:00,1233125376,2030043136,703434848,541929472
2021-05-04 17:00:05,1233125376,2030043136,703434848,541929472
2021-05-04 17:00:10,1233125376,2030043136,703434848,531697664
2021-05-04 17:00:15,1233125376,2030043136,703434848,531697664
2021-05-04 17:00:20,1761607680,2902458368,703434848,584409088
2021-05-04 17:00:25,1761607680,2902458368,703434848,584409088
2021-05-04 17:00:30,1761607680,2902458368,703434848,584409088
2021-05-04 17:00:35,1761607680,2902458368,703434848,584409088
2021-05-04 17:00:40,1761607680,2902458368,703434848,358158336
2021-05-04 17:00:45,1761607680,2902458368,703434848,358158336
2021-05-04 17:00:50,1062207488,1749024768,703434848,391233536
2021-05-04 17:00:55,1062207488,1749024768,703434848,391233536
2021-05-04 17:01:00,1062207488,1749024768,703434848,391233536
2021-05-04 17:01:05,1062207488,1749024768,703434848,391233536
2021-05-04 17:01:10,1062207488,1749024768,703434848,395763712
2021-05-04 17:01:15,1062207488,1749024768,703434848,395763712
2021-05-04 17:01:20,1062207488,1749024768,703434848,464805888
2021-05-04 17:01:25,1062207488,1749024768,703434848,464805888
2021-05-04 17:01:30,1062207488,1749024768,703434848,464805888
2021-05-04 17:01:35,1062207488,1749024768,703434848,464805888
2021-05-04 17:01:40,1062207488,1749024768,703434848,469790720
2021-05-04 17:01:45,1062207488,1749024768,703434848,469790720
2021-05-04 17:01:50,1062207488,1749024768,703434848,483520512
2021-05-04 17:01:55,1062207488,1749024768,703434848,483520512
2021-05-04 17:02:00,1062207488,1749024768,703434848,483520512
2021-05-04 17:02:05,1062207488,1749024768,703434848,483520512
2021-05-04 17:02:10,1062207488,1749024768,703434848,483008512
2021-05-04 17:02:15,1062207488,1749024768,703434848,483008512
2021-05-04 17:02:20,1062207488,1749024768,703434848,502276096
2021-05-04 17:02:25,1062207488,1749024768,703434848,502276096
2021-05-04 17:02:30,1062207488,1749024768,703434848,502276096
2021-05-04 17:02:35,1062207488,1749024768,703434848,502276096
2021-05-04 17:02:40,1062207488,1749024768,703434848,502239232
2021-05-04 17:02:45,1062207488,1749024768,703434848,502239232
2021-05-04 17:02:50,1062207488,1749024768,703434848,503136256
2021-05-04 17:02:55,1062207488,1749024768,703434848,503136256
2021-05-04 17:03:00,1062207488,1749024768,662316365,503136256
2021-05-04 17:03:05,1062207488,1749024768,662316365,503136256
2021-05-04 17:03:10,1062207488,1749024768,662316365,514117632
2021-05-04 17:03:15,1062207488,1749024768,662316365,514117632
2021-05-04 17:03:20,1571815424,2589982720,662316365,492511232
2021-05-04 17:03:25,1571815424,2589982720,662316365,492511232
2021-05-04 17:03:30,1571815424,2589982720,662316365,492511232
2021-05-04 17:03:35,1571815424,2589982720,662316365,492511232
2021-05-04 17:03:40,1571815424,2589982720,662316365,586059776
2021-05-04 17:03:45,1571815424,2589982720,662316365,586059776
2021-05-04 17:03:50,1492123648,2458910720,662316365,605069312
2021-05-04 17:03:55,1492123648,2458910720,662316365,605069312
2021-05-04 17:04:00,1492123648,2458910720,662316365,605069312
2021-05-04 17:04:05,1492123648,2458910720,662316365,605069312
2021-05-04 17:04:10,1492123648,2458910720,662316365,639860736
2021-05-04 17:04:15,1492123648,2458910720,662316365,639860736
2021-05-04 17:04:20,1021313024,1681915904,662316365,431644672
2021-05-04 17:04:25,1021313024,1681915904,662316365,431644672
2021-05-04 17:04:30,1021313024,1681915904,662316365,431644672
2021-05-04 17:04:35,1021313024,1681915904,662316365,431644672
2021-05-04 17:04:40,1021313024,1681915904,662316365,485908480
2021-05-04 17:04:45,1021313024,1681915904,662316365,485908480
2021-05-04 17:04:50,1021313024,1681915904,662316365,489885696
2021-05-04 17:04:55,1021313024,1681915904,662316365,489885696
2021-05-04 17:05:00,1021313024,1681915904,662316365,489885696
2021-05-04 17:05:05,1021313024,1681915904,662316365,489885696
2021-05-04 17:05:10,1021313024,1681915904,662316365,517836800
2021-05-04 17:05:15,1021313024,1681915904,662316365,517836800
2021-05-04 17:05:20,1021313024,1681915904,662316365,518234112
2021-05-04 17:05:25,1021313024,1681915904,662316365,518234112
2021-05-04 17:05:30,1021313024,1681915904,662316365,518234112
2021-05-04 17:05:35,1021313024,1681915904,662316365,518234112
2021-05-04 17:05:40,1021313024,1681915904,662316365,541118464
2021-05-04 17:05:45,1021313024,1681915904,662316365,541118464
2021-05-04 17:05:50,1021313024,1681915904,662316365,546861056
2021-05-04 17:05:55,1021313024,1681915904,662316365,546861056
2021-05-04 17:06:00,1021313024,1681915904,633645300,546861056
2021-05-04 17:06:05,1021313024,1681915904,633645300,546861056
2021-05-04 17:06:10,1021313024,1681915904,633645300,556572672
2021-05-04 17:06:15,1021313024,1681915904,633645300,556572672
2021-05-04 17:06:20,1600126976,2639265792,633645300,651866112
2021-05-04 17:06:25,1600126976,2639265792,633645300,651866112
2021-05-04 17:06:30,1600126976,2639265792,633645300,651866112
2021-05-04 17:06:35,1600126976,2639265792,633645300,651866112
2021-05-04 17:06:40,1600126976,2639265792,633645300,549625856
2021-05-04 17:06:45,1600126976,2639265792,633645300,549625856
2021-05-04 17:06:50,963641344,1588592640,633645300,668319744
2021-05-04 17:06:55,963641344,1588592640,633645300,668319744
2021-05-04 17:07:00,963641344,1588592640,633645300,668319744
2021-05-04 17:07:05,963641344,1588592640,633645300,668319744
2021-05-04 17:07:10,963641344,1588592640,633645300,431210496
2021-05-04 17:07:15,963641344,1588592640,633645300,431210496
2021-05-04 17:07:20,963641344,1588592640,633645300,502083584
2021-05-04 17:07:25,963641344,1588592640,633645300,502083584
2021-05-04 17:07:30,963641344,1588592640,633645300,502083584
2021-05-04 17:07:35,963641344,1588592640,633645300,502083584
2021-05-04 17:07:40,963641344,1588592640,633645300,502669312
2021-05-04 17:07:45,963641344,1588592640,633645300,502669312
2021-05-04 17:07:50,963641344,1588592640,633645300,535744512
2021-05-04 17:07:55,963641344,1588592640,633645300,535744512
2021-05-04 17:08:00,963641344,1588592640,633645300,535744512
2021-05-04 17:08:05,963641344,1588592640,633645300,535744512
2021-05-04 17:08:10,963641344,1588592640,633645300,535805952
2021-05-04 17:08:15,963641344,1588592640,633645300,535805952
2021-05-04 17:08:20,963641344,1588592640,633645300,554266624
2021-05-04 17:08:25,963641344,1588592640,633645300,554266624
2021-05-04 17:08:30,963641344,1588592640,633645300,554266624
2021-05-04 17:08:35,963641344,1588592640,633645300,554266624
2021-05-04 17:08:40,963641344,1588592640,633645300,554651648
2021-05-04 17:08:45,963641344,1588592640,633645300,554651648
2021-05-04 17:08:50,963641344,1588592640,633645300,568164352
2021-05-04 17:08:55,963641344,1588592640,633645300,568164352
2021-05-04 17:09:00,963641344,1588592640,602797030,568164352
2021-05-04 17:09:05,963641344,1588592640,602797030,568164352
2021-05-04 17:09:10,963641344,1588592640,602797030,582123520
2021-05-04 17:09:15,963641344,1588592640,602797030,582123520
2021-05-04 17:09:20,1465909248,2416967680,602797030,492584960
2021-05-04 17:09:25,1465909248,2416967680,602797030,492584960
2021-05-04 17:09:30,1465909248,2416967680,602797030,492584960
2021-05-04 17:09:35,1465909248,2416967680,602797030,492584960
2021-05-04 17:09:40,1465909248,2416967680,602797030,756957184
2021-05-04 17:09:45,1465909248,2416967680,602797030,756957184
2021-05-04 17:09:50,1274019840,2100297728,602797030,684040192
2021-05-04 17:09:55,1274019840,2100297728,602797030,684040192
2021-05-04 17:10:00,1274019840,2100297728,602797030,684040192
2021-05-04 17:10:05,1274019840,2100297728,602797030,684040192
2021-05-04 17:10:10,1274019840,2100297728,602797030,744689664
2021-05-04 17:10:15,1274019840,2100297728,602797030,744689664
2021-05-04 17:10:20,918552576,1513095168,602797030,506052608
2021-05-04 17:10:25,918552576,1513095168,602797030,506052608
2021-05-04 17:10:30,918552576,1513095168,602797030,506052608
2021-05-04 17:10:35,918552576,1513095168,602797030,506052608
2021-05-04 17:10:40,918552576,1513095168,602797030,546492416
2021-05-04 17:10:45,918552576,1513095168,602797030,546492416
2021-05-04 17:10:50,918552576,1513095168,602797030,544661504
2021-05-04 17:10:55,918552576,1513095168,602797030,544661504
2021-05-04 17:11:00,918552576,1513095168,602797030,544661504
2021-05-04 17:11:05,918552576,1513095168,602797030,544661504
2021-05-04 17:11:10,918552576,1513095168,602797030,558448640
2021-05-04 17:11:15,918552576,1513095168,602797030,558448640
2021-05-04 17:11:20,918552576,1513095168,602797030,558342144
2021-05-04 17:11:25,918552576,1513095168,602797030,558342144
2021-05-04 17:11:30,918552576,1513095168,602797030,558342144
2021-05-04 17:11:35,918552576,1513095168,602797030,558342144
2021-05-04 17:11:40,918552576,1513095168,602797030,586452992
2021-05-04 17:11:45,918552576,1513095168,602797030,586452992
2021-05-04 17:11:50,918552576,1513095168,602797030,586018816
2021-05-04 17:11:55,918552576,1513095168,602797030,586018816
2021-05-04 17:12:00,918552576,1513095168,602797030,586018816
2021-05-04 17:12:05,918552576,1513095168,587260613,586018816
2021-05-04 17:12:10,918552576,1513095168,587260613,587161600
2021-05-04 17:12:15,918552576,1513095168,587260613,587161600
2021-05-04 17:12:20,1139802112,1880096768,587260613,612311040
2021-05-04 17:12:25,1139802112,1880096768,587260613,612311040
2021-05-04 17:12:30,1139802112,1880096768,587260613,612311040
2021-05-04 17:12:35,1139802112,1880096768,587260613,612311040
2021-05-04 17:12:40,1139802112,1880096768,587260613,483471360
2021-05-04 17:12:45,1139802112,1880096768,587260613,483471360
2021-05-04 17:12:50,923795456,1524629504,587260613,599076864
2021-05-04 17:12:55,923795456,1524629504,587260613,599076864
2021-05-04 17:13:00,923795456,1524629504,587260613,599076864
2021-05-04 17:13:05,923795456,1524629504,587260613,599076864
2021-05-04 17:13:10,923795456,1524629504,587260613,599269376
2021-05-04 17:13:15,923795456,1524629504,587260613,599269376
2021-05-04 17:13:20,923795456,1524629504,587260613,605900800
2021-05-04 17:13:25,923795456,1524629504,587260613,605900800
2021-05-04 17:13:30,923795456,1524629504,587260613,605900800
2021-05-04 17:13:35,923795456,1524629504,587260613,605900800
2021-05-04 17:13:40,923795456,1524629504,587260613,606429184
2021-05-04 17:13:45,923795456,1524629504,587260613,606429184
2021-05-04 17:13:50,923795456,1524629504,587260613,609415168
2021-05-04 17:13:55,923795456,1524629504,587260613,609415168
2021-05-04 17:14:00,923795456,1524629504,587260613,609415168
2021-05-04 17:14:05,923795456,1524629504,587260613,609415168
2021-05-04 17:14:10,923795456,1524629504,587260613,609308672
2021-05-04 17:14:15,923795456,1524629504,587260613,609308672
2021-05-04 17:14:20,923795456,1524629504,587260613,607375360
2021-05-04 17:14:25,923795456,1524629504,587260613,607375360
2021-05-04 17:14:30,923795456,1524629504,587260613,607375360
2021-05-04 17:14:35,923795456,1524629504,587260613,607375360
2021-05-04 17:14:40,923795456,1524629504,587260613,606924800
2021-05-04 17:14:45,923795456,1524629504,587260613,606924800
2021-05-04 17:14:50,923795456,1524629504,587260613,605569024
2021-05-04 17:14:55,923795456,1524629504,587260613,605569024
2021-05-04 17:15:00,923795456,1524629504,587260613,605569024
2021-05-04 17:15:05,923795456,1524629504,605703087,605569024
2021-05-04 17:15:10,923795456,1524629504,605703087,652824576
2021-05-04 17:15:15,923795456,1524629504,605703087,652824576
2021-05-04 17:15:20,1440743424,2376073216,605703087,579903488
2021-05-04 17:15:25,1440743424,2376073216,605703087,579903488
2021-05-04 17:15:30,1440743424,2376073216,605703087,579903488
2021-05-04 17:15:35,1440743424,2376073216,605703087,579903488
2021-05-04 17:15:40,1440743424,2376073216,605703087,368398336
2021-05-04 17:15:45,1440743424,2376073216,605703087,368398336
2021-05-04 17:15:50,886046720,1459617792,605703087,407314432
2021-05-04 17:15:55,886046720,1459617792,605703087,407314432
2021-05-04 17:16:00,886046720,1459617792,605703087,407314432
2021-05-04 17:16:05,886046720,1459617792,605703087,407314432
2021-05-04 17:16:10,886046720,1459617792,605703087,506068992
2021-05-04 17:16:15,886046720,1459617792,605703087,506068992
2021-05-04 17:16:20,886046720,1459617792,605703087,510423040
2021-05-04 17:16:25,886046720,1459617792,605703087,510423040
2021-05-04 17:16:30,886046720,1459617792,605703087,510423040
2021-05-04 17:16:35,886046720,1459617792,605703087,510423040
2021-05-04 17:16:40,886046720,1459617792,605703087,542679040
2021-05-04 17:16:45,886046720,1459617792,605703087,542679040
2021-05-04 17:16:50,886046720,1459617792,605703087,546635776
2021-05-04 17:16:55,886046720,1459617792,605703087,546635776
2021-05-04 17:17:00,886046720,1459617792,605703087,546635776
2021-05-04 17:17:05,886046720,1459617792,605703087,546635776
2021-05-04 17:17:10,886046720,1459617792,605703087,569303040
2021-05-04 17:17:15,886046720,1459617792,605703087,569303040
2021-05-04 17:17:20,886046720,1459617792,605703087,565088256
2021-05-04 17:17:25,886046720,1459617792,605703087,565088256
2021-05-04 17:17:30,886046720,1459617792,605703087,565088256
2021-05-04 17:17:35,886046720,1459617792,605703087,565088256
2021-05-04 17:17:40,886046720,1459617792,605703087,576733184
2021-05-04 17:17:45,886046720,1459617792,605703087,576733184
2021-05-04 17:17:50,886046720,1459617792,605703087,580370432
2021-05-04 17:17:55,886046720,1459617792,605703087,580370432
2021-05-04 17:18:00,886046720,1459617792,605703087,580370432
2021-05-04 17:18:05,886046720,1459617792,581423317,580370432
2021-05-04 17:18:10,886046720,1459617792,581423317,586067968
2021-05-04 17:18:15,886046720,1459617792,581423317,586067968
2021-05-04 17:18:20,1015021568,1671430144,581423317,541741056
2021-05-04 17:18:25,1015021568,1671430144,581423317,541741056
2021-05-04 17:18:30,1015021568,1671430144,581423317,541741056
2021-05-04 17:18:35,1015021568,1671430144,581423317,541741056
2021-05-04 17:18:40,1015021568,1671430144,581423317,623484928
2021-05-04 17:18:45,1015021568,1671430144,581423317,623484928
2021-05-04 17:18:50,862978048,1419771904,581423317,582148096
2021-05-04 17:18:55,862978048,1419771904,581423317,582148096
2021-05-04 17:19:00,862978048,1419771904,581423317,582148096
2021-05-04 17:19:05,862978048,1419771904,581423317,582148096
2021-05-04 17:19:10,862978048,1419771904,581423317,582332416
2021-05-04 17:19:15,862978048,1419771904,581423317,582332416
2021-05-04 17:19:20,862978048,1419771904,581423317,582201344
2021-05-04 17:19:25,862978048,1419771904,581423317,582201344
2021-05-04 17:19:30,862978048,1419771904,581423317,582201344
2021-05-04 17:19:35,862978048,1419771904,581423317,582201344
2021-05-04 17:19:40,862978048,1419771904,581423317,581144576
2021-05-04 17:19:45,862978048,1419771904,581423317,581144576
2021-05-04 17:19:50,862978048,1419771904,581423317,581578752
2021-05-04 17:19:55,862978048,1419771904,581423317,581578752
2021-05-04 17:20:00,862978048,1419771904,581423317,581578752
2021-05-04 17:20:05,862978048,1419771904,581423317,581578752
2021-05-04 17:20:10,862978048,1419771904,581423317,582713344
2021-05-04 17:20:15,862978048,1419771904,581423317,582713344
2021-05-04 17:20:20,862978048,1419771904,581423317,583602176
2021-05-04 17:20:25,862978048,1419771904,581423317,583602176
2021-05-04 17:20:30,862978048,1419771904,581423317,583602176
2021-05-04 17:20:35,862978048,1419771904,581423317,583602176
2021-05-04 17:20:40,862978048,1419771904,581423317,584032256
2021-05-04 17:20:45,862978048,1419771904,581423317,584032256
2021-05-04 17:20:50,862978048,1419771904,581423317,585932800
2021-05-04 17:20:55,862978048,1419771904,581423317,585932800
2021-05-04 17:21:00,862978048,1419771904,581423317,585932800
2021-05-04 17:21:05,862978048,1419771904,581423317,585932800
2021-05-04 17:21:10,862978048,1419771904,585932800,587026432
2021-05-04 17:21:15,862978048,1419771904,585932800,587026432
2021-05-04 17:21:20,1250951168,2056257536,585932800,569315328
2021-05-04 17:21:25,1250951168,2056257536,585932800,569315328
2021-05-04 17:21:30,1250951168,2056257536,585932800,569315328
2021-05-04 17:21:35,1250951168,2056257536,585932800,569315328
2021-05-04 17:21:40,1250951168,2056257536,585932800,417783808
2021-05-04 17:21:45,1250951168,2056257536,585932800,417783808
2021-05-04 17:21:50,887095296,1457520640,585932800,577421312
2021-05-04 17:21:55,887095296,1457520640,585932800,577421312
2021-05-04 17:22:00,887095296,1457520640,585932800,577421312
2021-05-04 17:22:05,887095296,1457520640,585932800,577421312
2021-05-04 17:22:10,887095296,1457520640,585932800,586506240
2021-05-04 17:22:15,887095296,1457520640,585932800,586506240
2021-05-04 17:22:20,887095296,1457520640,585932800,590639104
2021-05-04 17:22:25,887095296,1457520640,585932800,590639104
2021-05-04 17:22:30,887095296,1457520640,585932800,590639104
2021-05-04 17:22:35,887095296,1457520640,585932800,590639104
2021-05-04 17:22:40,887095296,1457520640,585932800,590667776
2021-05-04 17:22:45,887095296,1457520640,585932800,590667776
2021-05-04 17:22:50,887095296,1457520640,585932800,592662528
2021-05-04 17:22:55,887095296,1457520640,585932800,592662528
2021-05-04 17:23:00,887095296,1457520640,585932800,592662528
2021-05-04 17:23:05,887095296,1457520640,585932800,592662528
2021-05-04 17:23:10,887095296,1457520640,585932800,593379328
2021-05-04 17:23:15,887095296,1457520640,585932800,593379328
2021-05-04 17:23:20,887095296,1457520640,585932800,593190912
2021-05-04 17:23:25,887095296,1457520640,585932800,593190912
2021-05-04 17:23:30,887095296,1457520640,585932800,593190912
2021-05-04 17:23:35,887095296,1457520640,585932800,593190912
2021-05-04 17:23:40,887095296,1457520640,585932800,596987904
2021-05-04 17:23:45,887095296,1457520640,585932800,596987904
2021-05-04 17:23:50,887095296,1457520640,585932800,598163456
2021-05-04 17:23:55,887095296,1457520640,585932800,598163456
2021-05-04 17:24:00,887095296,1457520640,585932800,598163456
2021-05-04 17:24:05,887095296,1457520640,585932800,598163456
2021-05-04 17:24:10,887095296,1457520640,601291657,597905408
2021-05-04 17:24:15,887095296,1457520640,601291657,597905408
2021-05-04 17:24:20,1328545792,2184183808,601291657,613724160
2021-05-04 17:24:25,1328545792,2184183808,601291657,613724160
2021-05-04 17:24:30,1328545792,2184183808,601291657,613724160
2021-05-04 17:24:35,1328545792,2184183808,601291657,613724160
2021-05-04 17:24:40,1328545792,2184183808,601291657,721571840
2021-05-04 17:24:45,1328545792,2184183808,601291657,721571840
2021-05-04 17:24:50,888143872,1461714944,601291657,531341312
2021-05-04 17:24:55,888143872,1461714944,601291657,531341312
2021-05-04 17:25:00,888143872,1461714944,601291657,531341312
2021-05-04 17:25:05,888143872,1461714944,601291657,531341312
2021-05-04 17:25:10,888143872,1461714944,601291657,566939648
2021-05-04 17:25:15,888143872,1461714944,601291657,566939648
2021-05-04 17:25:20,888143872,1461714944,601291657,571334656
2021-05-04 17:25:25,888143872,1461714944,601291657,571334656
2021-05-04 17:25:30,888143872,1461714944,601291657,571334656
2021-05-04 17:25:35,888143872,1461714944,601291657,571334656
2021-05-04 17:25:40,888143872,1461714944,601291657,573743104
2021-05-04 17:25:45,888143872,1461714944,601291657,573743104
2021-05-04 17:25:50,888143872,1461714944,601291657,575373312
2021-05-04 17:25:55,888143872,1461714944,601291657,575373312
2021-05-04 17:26:00,888143872,1461714944,601291657,575373312
2021-05-04 17:26:05,888143872,1461714944,601291657,575373312
2021-05-04 17:26:10,888143872,1461714944,601291657,574636032
2021-05-04 17:26:15,888143872,1461714944,601291657,574636032
2021-05-04 17:26:20,888143872,1461714944,601291657,575078400
2021-05-04 17:26:25,888143872,1461714944,601291657,575078400
2021-05-04 17:26:30,888143872,1461714944,601291657,575078400
2021-05-04 17:26:35,888143872,1461714944,601291657,575078400
2021-05-04 17:26:40,888143872,1461714944,601291657,574521344
2021-05-04 17:26:45,888143872,1461714944,601291657,574521344
2021-05-04 17:26:50,888143872,1461714944,601291657,574513152
2021-05-04 17:26:55,888143872,1461714944,601291657,574513152
2021-05-04 17:27:00,888143872,1461714944,601291657,574513152
2021-05-04 17:27:05,888143872,1461714944,601291657,574513152
2021-05-04 17:27:10,888143872,1461714944,577085590,576126976
2021-05-04 17:27:15,888143872,1461714944,577085590,576126976
2021-05-04 17:27:20,1177550848,1938817024,577085590,584998912
2021-05-04 17:27:25,1177550848,1938817024,577085590,584998912
2021-05-04 17:27:30,1177550848,1938817024,577085590,584998912
2021-05-04 17:27:35,1177550848,1938817024,577085590,584998912
2021-05-04 17:27:40,1177550848,1938817024,577085590,439123968
2021-05-04 17:27:45,1177550848,1938817024,577085590,439123968
2021-05-04 17:27:50,860880896,1417674752,577085590,503910400
2021-05-04 17:27:55,860880896,1417674752,577085590,503910400
2021-05-04 17:28:00,860880896,1417674752,577085590,503910400
2021-05-04 17:28:05,860880896,1417674752,577085590,503910400
2021-05-04 17:28:10,860880896,1417674752,577085590,504242176
2021-05-04 17:28:15,860880896,1417674752,577085590,504242176
2021-05-04 17:28:20,860880896,1417674752,577085590,567336960
2021-05-04 17:28:25,860880896,1417674752,577085590,567336960
2021-05-04 17:28:30,860880896,1417674752,577085590,567336960
2021-05-04 17:28:35,860880896,1417674752,577085590,567336960
2021-05-04 17:28:40,860880896,1417674752,577085590,567955456
2021-05-04 17:28:45,860880896,1417674752,577085590,567955456
2021-05-04 17:28:50,860880896,1417674752,577085590,571531264
2021-05-04 17:28:55,860880896,1417674752,577085590,571531264
2021-05-04 17:29:00,860880896,1417674752,577085590,571531264
2021-05-04 17:29:05,860880896,1417674752,577085590,571531264
2021-05-04 17:29:10,860880896,1417674752,577085590,571596800
2021-05-04 17:29:15,860880896,1417674752,577085590,571596800
2021-05-04 17:29:20,860880896,1417674752,577085590,573792256
2021-05-04 17:29:25,860880896,1417674752,577085590,573792256
2021-05-04 17:29:30,860880896,1417674752,577085590,573792256
2021-05-04 17:29:35,860880896,1417674752,577085590,573792256
2021-05-04 17:29:40,860880896,1417674752,577085590,573755392
2021-05-04 17:29:45,860880896,1417674752,577085590,573755392
2021-05-04 17:29:50,860880896,1417674752,577085590,573403136
2021-05-04 17:29:55,860880896,1417674752,577085590,573403136
2021-05-04 17:30:00,860880896,1417674752,577085590,573403136
2021-05-04 17:30:05,860880896,1417674752,577085590,573403136
2021-05-04 17:30:10,860880896,1417674752,577085590,574513152
2021-05-04 17:30:15,860880896,1417674752,575922925,574513152
2021-05-04 17:30:20,1634729984,2690646016,575922925,591704064
2021-05-04 17:30:25,1634729984,2690646016,575922925,591704064
2021-05-04 17:30:30,1634729984,2690646016,575922925,591704064
2021-05-04 17:30:35,1634729984,2690646016,575922925,591704064
2021-05-04 17:30:40,1634729984,2690646016,575922925,768380928
2021-05-04 17:30:45,1634729984,2690646016,575922925,768380928
2021-05-04 17:30:50,1168113664,1922039808,575922925,588062720
2021-05-04 17:30:55,1168113664,1922039808,575922925,588062720
2021-05-04 17:31:00,1168113664,1922039808,575922925,588062720
2021-05-04 17:31:05,1168113664,1922039808,575922925,588062720
2021-05-04 17:31:10,1168113664,1922039808,575922925,435720192
2021-05-04 17:31:15,1168113664,1922039808,575922925,435720192
2021-05-04 17:31:20,886046720,1457520640,575922925,443621376
2021-05-04 17:31:25,886046720,1457520640,575922925,443621376
2021-05-04 17:31:30,886046720,1457520640,575922925,443621376
2021-05-04 17:31:35,886046720,1457520640,575922925,443621376
2021-05-04 17:31:40,886046720,1457520640,575922925,485105664
2021-05-04 17:31:45,886046720,1457520640,575922925,485105664
2021-05-04 17:31:50,886046720,1457520640,575922925,487870464
2021-05-04 17:31:55,886046720,1457520640,575922925,487870464
2021-05-04 17:32:00,886046720,1457520640,575922925,487870464
2021-05-04 17:32:05,886046720,1457520640,575922925,487870464
2021-05-04 17:32:10,886046720,1457520640,575922925,504692736
2021-05-04 17:32:15,886046720,1457520640,575922925,504692736
2021-05-04 17:32:20,886046720,1457520640,575922925,504492032
2021-05-04 17:32:25,886046720,1457520640,575922925,504492032
2021-05-04 17:32:30,886046720,1457520640,575922925,504492032
2021-05-04 17:32:35,886046720,1457520640,575922925,504492032
2021-05-04 17:32:40,886046720,1457520640,575922925,517324800
2021-05-04 17:32:45,886046720,1457520640,575922925,517324800
2021-05-04 17:32:50,886046720,1457520640,575922925,517681152
2021-05-04 17:32:55,886046720,1457520640,575922925,517681152
2021-05-04 17:33:00,886046720,1457520640,575922925,517681152
2021-05-04 17:33:05,886046720,1457520640,575922925,517681152
2021-05-04 17:33:10,886046720,1457520640,575922925,523124736
2021-05-04 17:33:15,886046720,1457520640,552016831,523124736
2021-05-04 17:33:20,1267728384,2083520512,552016831,551960576
2021-05-04 17:33:25,1267728384,2083520512,552016831,551960576
2021-05-04 17:33:30,1267728384,2083520512,552016831,551960576
2021-05-04 17:33:35,1267728384,2083520512,552016831,551960576
2021-05-04 17:33:40,1267728384,2083520512,552016831,413143040
2021-05-04 17:33:45,1267728384,2083520512,552016831,413143040
2021-05-04 17:33:50,856686592,1408237568,552016831,533028864
2021-05-04 17:33:55,856686592,1408237568,552016831,533028864
2021-05-04 17:34:00,856686592,1408237568,552016831,533028864
2021-05-04 17:34:05,856686592,1408237568,552016831,533028864
2021-05-04 17:34:10,856686592,1408237568,552016831,510754816
2021-05-04 17:34:15,856686592,1408237568,552016831,510754816
2021-05-04 17:34:20,856686592,1408237568,552016831,518311936
2021-05-04 17:34:25,856686592,1408237568,552016831,518311936
2021-05-04 17:34:30,856686592,1408237568,552016831,518311936
2021-05-04 17:34:35,856686592,1408237568,552016831,518311936
2021-05-04 17:34:40,856686592,1408237568,552016831,523382784
2021-05-04 17:34:45,856686592,1408237568,552016831,523382784
2021-05-04 17:34:50,856686592,1408237568,552016831,524267520
2021-05-04 17:34:55,856686592,1408237568,552016831,524267520
2021-05-04 17:35:00,856686592,1408237568,552016831,524267520
2021-05-04 17:35:05,856686592,1408237568,552016831,524267520
2021-05-04 17:35:10,856686592,1408237568,552016831,530280448
2021-05-04 17:35:15,856686592,1408237568,552016831,530280448
2021-05-04 17:35:20,856686592,1408237568,552016831,534986752
2021-05-04 17:35:25,856686592,1408237568,552016831,534986752
2021-05-04 17:35:30,856686592,1408237568,552016831,534986752
2021-05-04 17:35:35,856686592,1408237568,552016831,534986752
2021-05-04 17:35:40,856686592,1408237568,552016831,535371776
2021-05-04 17:35:45,856686592,1408237568,552016831,535371776
2021-05-04 17:35:50,856686592,1408237568,552016831,535896064
2021-05-04 17:35:55,856686592,1408237568,552016831,535896064
2021-05-04 17:36:00,856686592,1408237568,552016831,535896064
2021-05-04 17:36:05,856686592,1408237568,552016831,535896064
2021-05-04 17:36:10,856686592,1408237568,552016831,534368256
2021-05-04 17:36:15,856686592,1408237568,552016831,534368256
2021-05-04 17:36:20,1426063360,2347761664,536823202,535064576
2021-05-04 17:36:25,1426063360,2347761664,536823202,535064576
2021-05-04 17:36:30,1426063360,2347761664,536823202,535064576
2021-05-04 17:36:35,1426063360,2347761664,536823202,535064576
2021-05-04 17:36:40,1426063360,2347761664,536823202,732434432
2021-05-04 17:36:45,1426063360,2347761664,536823202,732434432
2021-05-04 17:36:50,838860800,1382023168,536823202,557912064
2021-05-04 17:36:55,838860800,1382023168,536823202,557912064
2021-05-04 17:37:00,838860800,1382023168,536823202,557912064
2021-05-04 17:37:05,838860800,1382023168,536823202,557912064
2021-05-04 17:37:10,838860800,1382023168,536823202,345735168
2021-05-04 17:37:15,838860800,1382023168,536823202,345735168
2021-05-04 17:37:20,838860800,1382023168,536823202,346275840
2021-05-04 17:37:25,838860800,1382023168,536823202,346275840
2021-05-04 17:37:30,838860800,1382023168,536823202,346275840
2021-05-04 17:37:35,838860800,1382023168,536823202,346275840
2021-05-04 17:37:40,838860800,1382023168,536823202,415051776
2021-05-04 17:37:45,838860800,1382023168,536823202,415051776
2021-05-04 17:37:50,838860800,1382023168,536823202,415051776
2021-05-04 17:37:55,838860800,1382023168,536823202,415051776
2021-05-04 17:38:00,838860800,1382023168,536823202,415051776
2021-05-04 17:38:05,838860800,1382023168,536823202,415051776
2021-05-04 17:38:10,838860800,1382023168,536823202,445845504
2021-05-04 17:38:15,838860800,1382023168,536823202,445845504
2021-05-04 17:38:20,838860800,1382023168,536823202,446078976
2021-05-04 17:38:25,838860800,1382023168,536823202,446078976
2021-05-04 17:38:30,838860800,1382023168,536823202,446078976
2021-05-04 17:38:35,838860800,1382023168,536823202,446078976
2021-05-04 17:38:40,838860800,1382023168,536823202,462700544
2021-05-04 17:38:45,838860800,1382023168,536823202,462700544
2021-05-04 17:38:50,838860800,1382023168,536823202,462868480
2021-05-04 17:38:55,838860800,1382023168,536823202,462868480
2021-05-04 17:39:00,838860800,1382023168,536823202,462868480
2021-05-04 17:39:05,838860800,1382023168,536823202,462868480
2021-05-04 17:39:10,838860800,1382023168,536823202,471650304
2021-05-04 17:39:15,838860800,1382023168,536823202,471650304
2021-05-04 17:39:20,838860800,1382023168,506432240,471695360
2021-05-04 17:39:25,838860800,1382023168,506432240,471695360
2021-05-04 17:39:30,838860800,1382023168,506432240,471695360
2021-05-04 17:39:35,838860800,1382023168,506432240,471695360
2021-05-04 17:39:40,838860800,1382023168,506432240,298639360
2021-05-04 17:39:45,838860800,1382023168,506432240,298639360
2021-05-04 17:39:50,818937856,1347420160,506432240,464855040
2021-05-04 17:39:55,818937856,1347420160,506432240,464855040
2021-05-04 17:40:00,818937856,1347420160,506432240,464855040
2021-05-04 17:40:05,818937856,1347420160,506432240,464855040
2021-05-04 17:40:10,818937856,1347420160,506432240,471523328
2021-05-04 17:40:15,818937856,1347420160,506432240,471523328
2021-05-04 17:40:20,818937856,1347420160,506432240,487411712
2021-05-04 17:40:25,818937856,1347420160,506432240,487411712
2021-05-04 17:40:30,818937856,1347420160,506432240,487411712
2021-05-04 17:40:35,818937856,1347420160,506432240,487411712
2021-05-04 17:40:40,818937856,1347420160,506432240,487976960
2021-05-04 17:40:45,818937856,1347420160,506432240,487976960
2021-05-04 17:40:50,818937856,1347420160,506432240,497213440
2021-05-04 17:40:55,818937856,1347420160,506432240,497213440
2021-05-04 17:41:00,818937856,1347420160,506432240,497213440
2021-05-04 17:41:05,818937856,1347420160,506432240,497213440
2021-05-04 17:41:10,818937856,1347420160,506432240,504664064
2021-05-04 17:41:15,818937856,1347420160,506432240,504664064
2021-05-04 17:41:20,818937856,1347420160,506432240,508628992
2021-05-04 17:41:25,818937856,1347420160,506432240,508628992
2021-05-04 17:41:30,818937856,1347420160,506432240,508628992
2021-05-04 17:41:35,818937856,1347420160,506432240,508628992
2021-05-04 17:41:40,818937856,1347420160,506432240,509886464
2021-05-04 17:41:45,818937856,1347420160,506432240,509886464
2021-05-04 17:41:50,818937856,1347420160,506432240,511483904
2021-05-04 17:41:55,818937856,1347420160,506432240,511483904
2021-05-04 17:42:00,818937856,1347420160,506432240,511483904
2021-05-04 17:42:05,818937856,1347420160,506432240,511483904
2021-05-04 17:42:10,818937856,1347420160,506432240,511619072
2021-05-04 17:42:15,818937856,1347420160,506432240,511619072
2021-05-04 17:42:20,818937856,1347420160,513319571,513421312
2021-05-04 17:42:25,818937856,1347420160,513319571,513421312
2021-05-04 17:42:30,818937856,1347420160,513319571,513421312
2021-05-04 17:42:35,818937856,1347420160,513319571,513421312
2021-05-04 17:42:40,818937856,1347420160,513319571,626401280
2021-05-04 17:42:45,818937856,1347420160,513319571,626401280
2021-05-04 17:42:50,1065353216,1754267648,513319571,537952256
2021-05-04 17:42:55,1065353216,1754267648,513319571,537952256
2021-05-04 17:43:00,1065353216,1754267648,513319571,537952256
2021-05-04 17:43:05,1065353216,1754267648,513319571,537952256
2021-05-04 17:43:10,1065353216,1754267648,513319571,404406272
2021-05-04 17:43:15,1065353216,1754267648,513319571,404406272
2021-05-04 17:43:20,792723456,1303379968,513319571,408031232
2021-05-04 17:43:25,792723456,1303379968,513319571,408031232
2021-05-04 17:43:30,792723456,1303379968,513319571,408031232
2021-05-04 17:43:35,792723456,1303379968,513319571,408031232
2021-05-04 17:43:40,792723456,1303379968,513319571,438923264
2021-05-04 17:43:45,792723456,1303379968,513319571,438923264
2021-05-04 17:43:50,792723456,1303379968,513319571,440221696
2021-05-04 17:43:55,792723456,1303379968,513319571,440221696
2021-05-04 17:44:00,792723456,1303379968,513319571,440221696
2021-05-04 17:44:05,792723456,1303379968,513319571,440221696
2021-05-04 17:44:10,792723456,1303379968,513319571,458797056
2021-05-04 17:44:15,792723456,1303379968,513319571,458797056
2021-05-04 17:44:20,792723456,1303379968,513319571,459816960
2021-05-04 17:44:25,792723456,1303379968,513319571,459816960
2021-05-04 17:44:30,792723456,1303379968,513319571,459816960
2021-05-04 17:44:35,792723456,1303379968,513319571,459816960
2021-05-04 17:44:40,792723456,1303379968,513319571,468848640
2021-05-04 17:44:45,792723456,1303379968,513319571,468848640
2021-05-04 17:44:50,792723456,1303379968,513319571,469618688
2021-05-04 17:44:55,792723456,1303379968,513319571,469618688
2021-05-04 17:45:00,792723456,1303379968,513319571,469618688
2021-05-04 17:45:05,792723456,1303379968,513319571,469618688
2021-05-04 17:45:10,792723456,1303379968,513319571,479899648
2021-05-04 17:45:15,792723456,1303379968,513319571,479899648
2021-05-04 17:45:20,792723456,1303379968,513319571,481484800
2021-05-04 17:45:25,792723456,1303379968,484285179,481484800
2021-05-04 17:45:30,792723456,1303379968,484285179,481484800
2021-05-04 17:45:35,792723456,1303379968,484285179,481484800
2021-05-04 17:45:40,792723456,1303379968,484285179,438870016
2021-05-04 17:45:45,792723456,1303379968,484285179,438870016
2021-05-04 17:45:50,784334848,1289748480,484285179,456974336
2021-05-04 17:45:55,784334848,1289748480,484285179,456974336
2021-05-04 17:46:00,784334848,1289748480,484285179,456974336
2021-05-04 17:46:05,784334848,1289748480,484285179,456974336
2021-05-04 17:46:10,784334848,1289748480,484285179,460013568
2021-05-04 17:46:15,784334848,1289748480,484285179,460013568
2021-05-04 17:46:20,784334848,1289748480,484285179,486014976
2021-05-04 17:46:25,784334848,1289748480,484285179,486014976
2021-05-04 17:46:30,784334848,1289748480,484285179,486014976
2021-05-04 17:46:35,784334848,1289748480,484285179,486014976
2021-05-04 17:46:40,784334848,1289748480,484285179,493608960
2021-05-04 17:46:45,784334848,1289748480,484285179,493608960
2021-05-04 17:46:50,784334848,1289748480,484285179,495706112
2021-05-04 17:46:55,784334848,1289748480,484285179,495706112
2021-05-04 17:47:00,784334848,1289748480,484285179,495706112
2021-05-04 17:47:05,784334848,1289748480,484285179,495706112
2021-05-04 17:47:10,784334848,1289748480,484285179,495771648
2021-05-04 17:47:15,784334848,1289748480,484285179,495771648
2021-05-04 17:47:20,784334848,1289748480,484285179,497004544
2021-05-04 17:47:25,784334848,1289748480,484285179,497004544
2021-05-04 17:47:30,784334848,1289748480,484285179,497004544
2021-05-04 17:47:35,784334848,1289748480,484285179,497004544
2021-05-04 17:47:40,784334848,1289748480,484285179,496877568
2021-05-04 17:47:45,784334848,1289748480,484285179,496877568
2021-05-04 17:47:50,784334848,1289748480,484285179,500711424
2021-05-04 17:47:55,784334848,1289748480,484285179,500711424
2021-05-04 17:48:00,784334848,1289748480,484285179,500711424
2021-05-04 17:48:05,784334848,1289748480,484285179,500711424
2021-05-04 17:48:10,784334848,1289748480,484285179,500531200
2021-05-04 17:48:15,784334848,1289748480,484285179,500531200
2021-05-04 17:48:20,784334848,1289748480,484285179,502034432
2021-05-04 17:48:25,784334848,1289748480,501903065,502034432

