"Time","request","limits","usage"
2021-04-28 14:23:55,1166016512,2128609280,308047872
2021-04-28 14:24:00,1166016512,2128609280,308047872
2021-04-28 14:24:05,1166016512,2128609280,308047872
2021-04-28 14:24:10,1166016512,2128609280,308047872
2021-04-28 14:24:15,1166016512,2128609280,308047872
2021-04-28 14:24:20,1166016512,2128609280,315715584
2021-04-28 14:24:25,1166016512,2128609280,315715584
2021-04-28 14:24:30,1166016512,2128609280,315715584
2021-04-28 14:24:35,1166016512,2128609280,315715584
2021-04-28 14:24:40,1166016512,2128609280,315715584
2021-04-28 14:24:45,1166016512,2128609280,315715584
2021-04-28 14:24:50,1166016512,2128609280,327983104
2021-04-28 14:24:55,1166016512,2128609280,327983104
2021-04-28 14:25:00,1166016512,2128609280,327983104
2021-04-28 14:25:05,1166016512,2128609280,327983104
2021-04-28 14:25:10,1166016512,2128609280,327983104
2021-04-28 14:25:15,1166016512,2128609280,327983104
2021-04-28 14:25:20,1166016512,2128609280,335175680
2021-04-28 14:25:25,1166016512,2128609280,335175680
2021-04-28 14:25:30,1166016512,2128609280,335175680
2021-04-28 14:25:35,1166016512,2128609280,335175680
2021-04-28 14:25:40,1166016512,2128609280,335175680
2021-04-28 14:25:45,1166016512,2128609280,335175680
2021-04-28 14:25:50,1166016512,2128609280,340807680
2021-04-28 14:25:55,1166016512,2128609280,340807680
2021-04-28 14:26:00,1166016512,2128609280,340807680
2021-04-28 14:26:05,1166016512,2128609280,340807680
2021-04-28 14:26:10,1166016512,2128609280,340807680
2021-04-28 14:26:15,1166016512,2128609280,340807680
2021-04-28 14:26:20,1166016512,2128609280,348962816
2021-04-28 14:26:25,1166016512,2128609280,348962816
2021-04-28 14:26:30,1166016512,2128609280,348962816
2021-04-28 14:26:35,1166016512,2128609280,348962816
2021-04-28 14:26:40,1166016512,2128609280,348962816
2021-04-28 14:26:45,1166016512,2128609280,348962816
2021-04-28 14:26:50,1166016512,2128609280,356327424
2021-04-28 14:26:55,1166016512,2128609280,356327424
2021-04-28 14:27:00,1166016512,2128609280,356327424
2021-04-28 14:27:05,1166016512,2128609280,356327424
2021-04-28 14:27:10,1166016512,2128609280,356327424
2021-04-28 14:27:15,1166016512,2128609280,356327424
2021-04-28 14:27:20,1166016512,2128609280,366235648
2021-04-28 14:27:25,1166016512,2128609280,366235648
2021-04-28 14:27:30,1166016512,2128609280,366235648
2021-04-28 14:27:35,1166016512,2128609280,366235648
2021-04-28 14:27:40,1166016512,2128609280,366235648
2021-04-28 14:27:45,1166016512,2128609280,366235648
2021-04-28 14:27:50,1166016512,2128609280,372072448
2021-04-28 14:27:55,1166016512,2128609280,372072448
2021-04-28 14:28:00,1166016512,2128609280,372072448
2021-04-28 14:28:05,1166016512,2128609280,372072448
2021-04-28 14:28:10,1166016512,2128609280,372072448
2021-04-28 14:28:15,1166016512,2128609280,372072448
2021-04-28 14:28:20,1367343104,2531262464,384032768
2021-04-28 14:28:25,1367343104,2531262464,384032768
2021-04-28 14:28:30,1367343104,2531262464,384032768
2021-04-28 14:28:35,1367343104,2531262464,384032768
2021-04-28 14:28:40,1367343104,2531262464,400846848
2021-04-28 14:28:45,1367343104,2531262464,400846848
2021-04-28 14:28:50,1367343104,2531262464,409243648
2021-04-28 14:28:55,1367343104,2531262464,409243648
2021-04-28 14:29:00,1367343104,2531262464,409243648
2021-04-28 14:29:05,1367343104,2531262464,409243648
2021-04-28 14:29:10,1367343104,2531262464,410923008
2021-04-28 14:29:15,1367343104,2531262464,410923008
2021-04-28 14:29:20,1367343104,2531262464,418099200
2021-04-28 14:29:25,1367343104,2531262464,418099200
2021-04-28 14:29:30,1367343104,2531262464,418099200
2021-04-28 14:29:35,1367343104,2531262464,418099200
2021-04-28 14:29:40,1367343104,2531262464,423518208
2021-04-28 14:29:45,1367343104,2531262464,423518208
2021-04-28 14:29:50,1434451968,2665480192,423837696
2021-04-28 14:29:55,1434451968,2665480192,423837696
2021-04-28 14:30:00,1434451968,2665480192,423837696
2021-04-28 14:30:05,1434451968,2665480192,423837696
2021-04-28 14:30:10,1434451968,2665480192,445734912
2021-04-28 14:30:15,1434451968,2665480192,445734912
2021-04-28 14:30:20,1434451968,2665480192,451129344
2021-04-28 14:30:25,1434451968,2665480192,451129344
2021-04-28 14:30:30,1434451968,2665480192,451129344
2021-04-28 14:30:35,1434451968,2665480192,451129344
2021-04-28 14:30:40,1434451968,2665480192,456663040
2021-04-28 14:30:45,1434451968,2665480192,456663040
2021-04-28 14:30:50,1665138688,3137339392,455020544
2021-04-28 14:30:55,1665138688,3137339392,455020544
2021-04-28 14:31:00,1665138688,3137339392,455020544
2021-04-28 14:31:05,1665138688,3137339392,455020544
2021-04-28 14:31:10,1665138688,3137339392,489476096
2021-04-28 14:31:15,1665138688,3137339392,489476096
2021-04-28 14:31:20,1665138688,3137339392,494137344
2021-04-28 14:31:25,1665138688,3137339392,494137344
2021-04-28 14:31:30,1665138688,3137339392,494137344
2021-04-28 14:31:35,1665138688,3137339392,494137344
2021-04-28 14:31:40,1665138688,3137339392,495685632
2021-04-28 14:31:45,1665138688,3137339392,495685632
2021-04-28 14:31:50,1732247552,3271557120,507297792
2021-04-28 14:31:55,1732247552,3271557120,507297792
2021-04-28 14:32:00,1732247552,3271557120,507297792
2021-04-28 14:32:05,1732247552,3271557120,507297792
2021-04-28 14:32:10,1732247552,3271557120,513548288
2021-04-28 14:32:15,1732247552,3271557120,513548288
2021-04-28 14:32:20,1799356416,3405774848,516071424
2021-04-28 14:32:25,1799356416,3405774848,516071424
2021-04-28 14:32:30,1799356416,3405774848,516071424
2021-04-28 14:32:35,1799356416,3405774848,516071424
2021-04-28 14:32:40,1799356416,3405774848,517156864
2021-04-28 14:32:45,1799356416,3405774848,517156864
2021-04-28 14:32:50,1799356416,3405774848,522059776
2021-04-28 14:32:55,1799356416,3405774848,522059776
2021-04-28 14:33:00,1799356416,3405774848,522059776
2021-04-28 14:33:05,1799356416,3405774848,522059776
2021-04-28 14:33:10,1799356416,3405774848,523522048
2021-04-28 14:33:15,1799356416,3405774848,523522048
2021-04-28 14:33:20,1933574144,3674210304,537436160
2021-04-28 14:33:25,1933574144,3674210304,537436160
2021-04-28 14:33:30,1933574144,3674210304,537436160
2021-04-28 14:33:35,1933574144,3674210304,537436160
2021-04-28 14:33:40,1933574144,3674210304,546783232
2021-04-28 14:33:45,1933574144,3674210304,546783232
2021-04-28 14:33:50,1933574144,3674210304,550699008
2021-04-28 14:33:55,1933574144,3674210304,550699008
2021-04-28 14:34:00,1933574144,3674210304,550699008
2021-04-28 14:34:05,1933574144,3674210304,550699008
2021-04-28 14:34:10,1933574144,3674210304,553537536
2021-04-28 14:34:15,1933574144,3674210304,553537536
2021-04-28 14:34:20,1933574144,3674210304,556896256
2021-04-28 14:34:25,1933574144,3674210304,556896256
2021-04-28 14:34:30,1933574144,3674210304,556896256
2021-04-28 14:34:35,1933574144,3674210304,556896256
2021-04-28 14:34:40,1933574144,3674210304,562520064
2021-04-28 14:34:45,1933574144,3674210304,562520064
2021-04-28 14:34:50,2000683008,3808428032,566603776
2021-04-28 14:34:55,2000683008,3808428032,566603776
2021-04-28 14:35:00,2000683008,3808428032,566603776
2021-04-28 14:35:05,2000683008,3808428032,566603776
2021-04-28 14:35:10,2000683008,3808428032,570793984
2021-04-28 14:35:15,2000683008,3808428032,570793984
2021-04-28 14:35:20,2067791872,3942645760,605212672
2021-04-28 14:35:25,2067791872,3942645760,605212672
2021-04-28 14:35:30,2067791872,3942645760,605212672
2021-04-28 14:35:35,2067791872,3942645760,605212672
2021-04-28 14:35:40,2067791872,3942645760,606347264
2021-04-28 14:35:45,2067791872,3942645760,606347264
2021-04-28 14:35:50,2067791872,3942645760,607338496
2021-04-28 14:35:55,2067791872,3942645760,607338496
2021-04-28 14:36:00,2067791872,3942645760,607338496
2021-04-28 14:36:05,2067791872,3942645760,607338496
2021-04-28 14:36:10,2067791872,3942645760,609349632
2021-04-28 14:36:15,2067791872,3942645760,609349632
2021-04-28 14:36:20,2067791872,3942645760,616239104
2021-04-28 14:36:25,2067791872,3942645760,616239104
2021-04-28 14:36:30,2067791872,3942645760,616239104
2021-04-28 14:36:35,2067791872,3942645760,616239104
2021-04-28 14:36:40,2067791872,3942645760,617984000
2021-04-28 14:36:45,2067791872,3942645760,617984000
2021-04-28 14:36:50,2298478592,4414504960,663171072
2021-04-28 14:36:55,2298478592,4414504960,663171072
2021-04-28 14:37:00,2298478592,4414504960,663171072
2021-04-28 14:37:05,2298478592,4414504960,663171072
2021-04-28 14:37:10,2298478592,4414504960,665440256
2021-04-28 14:37:15,2298478592,4414504960,665440256
2021-04-28 14:37:20,2298478592,4414504960,666923008
2021-04-28 14:37:25,2298478592,4414504960,666923008
2021-04-28 14:37:30,2298478592,4414504960,666923008
2021-04-28 14:37:35,2298478592,4414504960,666923008
2021-04-28 14:37:40,2298478592,4414504960,669753344
2021-04-28 14:37:45,2298478592,4414504960,669753344
2021-04-28 14:37:50,2298478592,4414504960,678260736
2021-04-28 14:37:55,2298478592,4414504960,678260736
2021-04-28 14:38:00,2298478592,4414504960,678260736
2021-04-28 14:38:05,2298478592,4414504960,678260736
2021-04-28 14:38:10,2298478592,4414504960,681472000
2021-04-28 14:38:15,2298478592,4414504960,681472000
2021-04-28 14:38:20,2432696320,4682940416,691818496
2021-04-28 14:38:25,2432696320,4682940416,691818496
2021-04-28 14:38:30,2432696320,4682940416,691818496
2021-04-28 14:38:35,2432696320,4682940416,691818496
2021-04-28 14:38:40,2432696320,4682940416,708702208
2021-04-28 14:38:45,2432696320,4682940416,708702208
2021-04-28 14:38:50,2499805184,4817158144,710594560
2021-04-28 14:38:55,2499805184,4817158144,710594560
2021-04-28 14:39:00,2499805184,4817158144,710594560
2021-04-28 14:39:05,2499805184,4817158144,710594560
2021-04-28 14:39:10,2499805184,4817158144,715837440
2021-04-28 14:39:15,2499805184,4817158144,715837440
2021-04-28 14:39:20,2499805184,4817158144,725106688
2021-04-28 14:39:25,2499805184,4817158144,725106688
2021-04-28 14:39:30,2499805184,4817158144,725106688
2021-04-28 14:39:35,2499805184,4817158144,725106688
2021-04-28 14:39:40,2499805184,4817158144,730030080
2021-04-28 14:39:45,2499805184,4817158144,730030080
2021-04-28 14:39:50,2499805184,4817158144,731115520
2021-04-28 14:39:55,2499805184,4817158144,731115520
2021-04-28 14:40:00,2499805184,4817158144,731115520
2021-04-28 14:40:05,2499805184,4817158144,731115520
2021-04-28 14:40:10,2499805184,4817158144,731258880
2021-04-28 14:40:15,2499805184,4817158144,731258880
2021-04-28 14:40:20,2634022912,5085593600,702332928
2021-04-28 14:40:25,2634022912,5085593600,702332928
2021-04-28 14:40:30,2634022912,5085593600,702332928
2021-04-28 14:40:35,2634022912,5085593600,702332928
2021-04-28 14:40:40,2634022912,5085593600,708792320
2021-04-28 14:40:45,2634022912,5085593600,708792320
2021-04-28 14:40:50,3066036224,5960105984,769392640
2021-04-28 14:40:55,3066036224,5960105984,769392640
2021-04-28 14:41:00,3066036224,5960105984,769392640
2021-04-28 14:41:05,3066036224,5960105984,769392640
2021-04-28 14:41:10,3066036224,5960105984,813547520
2021-04-28 14:41:15,3066036224,5960105984,813547520
2021-04-28 14:41:20,3133145088,6094323712,822149120
2021-04-28 14:41:25,3133145088,6094323712,822149120
2021-04-28 14:41:30,3133145088,6094323712,822149120
2021-04-28 14:41:35,3133145088,6094323712,822149120
2021-04-28 14:41:40,3133145088,6094323712,857321472
2021-04-28 14:41:45,3133145088,6094323712,857321472
2021-04-28 14:41:50,3661627392,7172259840,937189376
2021-04-28 14:41:55,3661627392,7172259840,937189376
2021-04-28 14:42:00,3661627392,7172259840,937189376
2021-04-28 14:42:05,3661627392,7172259840,937189376
2021-04-28 14:42:10,3661627392,7172259840,968757248
2021-04-28 14:42:15,3661627392,7172259840,968757248
2021-04-28 14:42:20,3661627392,7172259840,978591744
2021-04-28 14:42:25,3661627392,7172259840,978591744
2021-04-28 14:42:30,3661627392,7172259840,978591744
2021-04-28 14:42:35,3661627392,7172259840,978591744
2021-04-28 14:42:40,3661627392,7172259840,977608704
2021-04-28 14:42:45,3661627392,7172259840,977608704
2021-04-28 14:42:50,3661627392,7172259840,980504576
2021-04-28 14:42:55,3661627392,7172259840,980504576
2021-04-28 14:43:00,3661627392,7172259840,980504576
2021-04-28 14:43:05,3661627392,7172259840,980504576
2021-04-28 14:43:10,3661627392,7172259840,989413376
2021-04-28 14:43:15,3661627392,7172259840,989413376
2021-04-28 14:43:20,3661627392,7172259840,994324480
2021-04-28 14:43:25,3661627392,7172259840,994324480
2021-04-28 14:43:30,3661627392,7172259840,994324480
2021-04-28 14:43:35,3661627392,7172259840,994324480
2021-04-28 14:43:40,3661627392,7172259840,984076288
2021-04-28 14:43:45,3661627392,7172259840,984076288
2021-04-28 14:43:50,3892314112,7644119040,990576640
2021-04-28 14:43:55,3892314112,7644119040,990576640
2021-04-28 14:44:00,3892314112,7644119040,990576640
2021-04-28 14:44:05,3892314112,7644119040,990576640
2021-04-28 14:44:10,3892314112,7644119040,1025560576
2021-04-28 14:44:15,3892314112,7644119040,1025560576
2021-04-28 14:44:20,3892314112,7644119040,1027272704
2021-04-28 14:44:25,3892314112,7644119040,1027272704
2021-04-28 14:44:30,3892314112,7644119040,1027272704
2021-04-28 14:44:35,3892314112,7644119040,1027272704
2021-04-28 14:44:40,3892314112,7644119040,1029156864
2021-04-28 14:44:45,3892314112,7644119040,1029156864
2021-04-28 14:44:50,3892314112,7644119040,1032544256
2021-04-28 14:44:55,3892314112,7644119040,1032544256
2021-04-28 14:45:00,3892314112,7644119040,1032544256
2021-04-28 14:45:05,3892314112,7644119040,1032544256
2021-04-28 14:45:10,3892314112,7644119040,1032863744
2021-04-28 14:45:15,3892314112,7644119040,1032863744
2021-04-28 14:45:20,3892314112,7644119040,1033920512
2021-04-28 14:45:25,3892314112,7644119040,1033920512
2021-04-28 14:45:30,3892314112,7644119040,1033920512
2021-04-28 14:45:35,3892314112,7644119040,1033920512
2021-04-28 14:45:40,3892314112,7644119040,1033678848
2021-04-28 14:45:45,3892314112,7644119040,1033678848
2021-04-28 14:45:50,3892314112,7644119040,1039499264
2021-04-28 14:45:55,3892314112,7644119040,1039499264
2021-04-28 14:46:00,3892314112,7644119040,1039499264
2021-04-28 14:46:05,3892314112,7644119040,1039499264
2021-04-28 14:46:10,3892314112,7644119040,1040662528
2021-04-28 14:46:15,3892314112,7644119040,1040662528
2021-04-28 14:46:20,3892314112,7644119040,1043132416
2021-04-28 14:46:25,3892314112,7644119040,1043132416
2021-04-28 14:46:30,3892314112,7644119040,1043132416
2021-04-28 14:46:35,3892314112,7644119040,1043132416
2021-04-28 14:46:40,3892314112,7644119040,1043599360
2021-04-28 14:46:45,3892314112,7644119040,1043599360
2021-04-28 14:46:50,3892314112,7644119040,1048408064
2021-04-28 14:46:55,3892314112,7644119040,1048408064
2021-04-28 14:47:00,3892314112,7644119040,1048408064
2021-04-28 14:47:05,3892314112,7644119040,1048408064
2021-04-28 14:47:10,3892314112,7644119040,1048936448
2021-04-28 14:47:15,3892314112,7644119040,1048936448
2021-04-28 14:47:20,3892314112,7644119040,1052495872
2021-04-28 14:47:25,3892314112,7644119040,1052495872
2021-04-28 14:47:30,3892314112,7644119040,1052495872
2021-04-28 14:47:35,3892314112,7644119040,1052495872
2021-04-28 14:47:40,3892314112,7644119040,1052319744
2021-04-28 14:47:45,3892314112,7644119040,1052319744
2021-04-28 14:47:50,3892314112,7644119040,1053712384
2021-04-28 14:47:55,3892314112,7644119040,1053712384
2021-04-28 14:48:00,3892314112,7644119040,1053712384
2021-04-28 14:48:05,3892314112,7644119040,1053712384
2021-04-28 14:48:10,3892314112,7644119040,1053782016
2021-04-28 14:48:15,3892314112,7644119040,1053782016
2021-04-28 14:48:20,3892314112,7644119040,1056436224
2021-04-28 14:48:25,3892314112,7644119040,1056436224
2021-04-28 14:48:30,3892314112,7644119040,1056436224
2021-04-28 14:48:35,3892314112,7644119040,1056436224
2021-04-28 14:48:40,3892314112,7644119040,1056681984
2021-04-28 14:48:45,3892314112,7644119040,1056681984
2021-04-28 14:48:50,3892314112,7644119040,1057091584
2021-04-28 14:48:55,3892314112,7644119040,1057091584
2021-04-28 14:49:00,3892314112,7644119040,1057091584
2021-04-28 14:49:05,3892314112,7644119040,1057091584
2021-04-28 14:49:10,3892314112,7644119040,1057484800
2021-04-28 14:49:15,3892314112,7644119040,1057484800
2021-04-28 14:49:20,3892314112,7644119040,1058439168
2021-04-28 14:49:25,3892314112,7644119040,1058439168
2021-04-28 14:49:30,3892314112,7644119040,1058439168
2021-04-28 14:49:35,3892314112,7644119040,1058439168
2021-04-28 14:49:40,3892314112,7644119040,1058344960
2021-04-28 14:49:45,3892314112,7644119040,1058344960
2021-04-28 14:49:50,3892314112,7644119040,1059856384
2021-04-28 14:49:55,3892314112,7644119040,1059856384
2021-04-28 14:50:00,3892314112,7644119040,1059856384
2021-04-28 14:50:05,3892314112,7644119040,1059856384
2021-04-28 14:50:10,3892314112,7644119040,1060667392
2021-04-28 14:50:15,3892314112,7644119040,1060667392
2021-04-28 14:50:20,3892314112,7644119040,1061703680
2021-04-28 14:50:25,3892314112,7644119040,1061703680
2021-04-28 14:50:30,3892314112,7644119040,1061703680
2021-04-28 14:50:35,3892314112,7644119040,1061703680
2021-04-28 14:50:40,3892314112,7644119040,1062440960
2021-04-28 14:50:45,3892314112,7644119040,1062440960
2021-04-28 14:50:50,3892314112,7644119040,1066909696
2021-04-28 14:50:55,3892314112,7644119040,1066909696
2021-04-28 14:51:00,3892314112,7644119040,1066909696
2021-04-28 14:51:05,3892314112,7644119040,1066909696
2021-04-28 14:51:10,3892314112,7644119040,1067376640
2021-04-28 14:51:15,3892314112,7644119040,1067376640
2021-04-28 14:51:20,3892314112,7644119040,1066409984
2021-04-28 14:51:25,3892314112,7644119040,1066409984
2021-04-28 14:51:30,3892314112,7644119040,1066409984
2021-04-28 14:51:35,3892314112,7644119040,1066409984
2021-04-28 14:51:40,3892314112,7644119040,1066287104
2021-04-28 14:51:45,3892314112,7644119040,1066287104
2021-04-28 14:51:50,3892314112,7644119040,1017483264
2021-04-28 14:51:55,3892314112,7644119040,1017483264
2021-04-28 14:52:00,3892314112,7644119040,1017483264
2021-04-28 14:52:05,3892314112,7644119040,1017483264
2021-04-28 14:52:10,3892314112,7644119040,1020399616
2021-04-28 14:52:15,3892314112,7644119040,1020399616
2021-04-28 14:52:20,3892314112,7644119040,1059319808
2021-04-28 14:52:25,3892314112,7644119040,1059319808
2021-04-28 14:52:30,3892314112,7644119040,1059319808
2021-04-28 14:52:35,3892314112,7644119040,1059319808
2021-04-28 14:52:40,3892314112,7644119040,1060143104
2021-04-28 14:52:45,3892314112,7644119040,1060143104
2021-04-28 14:52:50,3661627392,7172259840,1030119424
2021-04-28 14:52:55,3661627392,7172259840,1030119424
2021-04-28 14:53:00,3661627392,7172259840,1030119424
2021-04-28 14:53:05,3661627392,7172259840,1030119424
2021-04-28 14:53:10,3661627392,7172259840,1030270976
2021-04-28 14:53:15,3661627392,7172259840,1030270976
2021-04-28 14:53:20,3661627392,7172259840,1033547776
2021-04-28 14:53:25,3661627392,7172259840,1033547776
2021-04-28 14:53:30,3661627392,7172259840,1033547776
2021-04-28 14:53:35,3661627392,7172259840,1033547776
2021-04-28 14:53:40,3661627392,7172259840,1035759616
2021-04-28 14:53:45,3661627392,7172259840,1035759616
2021-04-28 14:53:50,3728736256,7306477568,1043927040
2021-04-28 14:53:55,3728736256,7306477568,1043927040
2021-04-28 14:54:00,3728736256,7306477568,1043927040
2021-04-28 14:54:05,3728736256,7306477568,1043927040
2021-04-28 14:54:10,3728736256,7306477568,1057001472
2021-04-28 14:54:15,3728736256,7306477568,1057001472
2021-04-28 14:54:20,3862953984,7574913024,1078706176
2021-04-28 14:54:25,3862953984,7574913024,1078706176
2021-04-28 14:54:30,3862953984,7574913024,1078706176
2021-04-28 14:54:35,3862953984,7574913024,1078706176
2021-04-28 14:54:40,3862953984,7574913024,1083531264
2021-04-28 14:54:45,3862953984,7574913024,1083531264
2021-04-28 14:54:50,3997171712,7843348480,1105342464
2021-04-28 14:54:55,3997171712,7843348480,1105342464
2021-04-28 14:55:00,3997171712,7843348480,1105342464
2021-04-28 14:55:05,3997171712,7843348480,1105342464
2021-04-28 14:55:10,3997171712,7843348480,1106780160
2021-04-28 14:55:15,3997171712,7843348480,1106780160
2021-04-28 14:55:20,3997171712,7843348480,1109131264
2021-04-28 14:55:25,3997171712,7843348480,1109131264
2021-04-28 14:55:30,3997171712,7843348480,1109131264
2021-04-28 14:55:35,3997171712,7843348480,1109131264
2021-04-28 14:55:40,3997171712,7843348480,1110437888
2021-04-28 14:55:45,3997171712,7843348480,1110437888
2021-04-28 14:55:50,3997171712,7843348480,1112178688
2021-04-28 14:55:55,3997171712,7843348480,1112178688
2021-04-28 14:56:00,3997171712,7843348480,1112178688
2021-04-28 14:56:05,3997171712,7843348480,1112178688
2021-04-28 14:56:10,3997171712,7843348480,1118724096
2021-04-28 14:56:15,3997171712,7843348480,1118724096
2021-04-28 14:56:20,3997171712,7843348480,1127165952
2021-04-28 14:56:25,3997171712,7843348480,1127165952
2021-04-28 14:56:30,3997171712,7843348480,1127165952
2021-04-28 14:56:35,3997171712,7843348480,1127165952
2021-04-28 14:56:40,3997171712,7843348480,1124663296
2021-04-28 14:56:45,3997171712,7843348480,1124663296
2021-04-28 14:56:50,3997171712,7843348480,1130795008
2021-04-28 14:56:55,3997171712,7843348480,1130795008
2021-04-28 14:57:00,3997171712,7843348480,1130795008
2021-04-28 14:57:05,3997171712,7843348480,1130795008
2021-04-28 14:57:10,3997171712,7843348480,1131339776
2021-04-28 14:57:15,3997171712,7843348480,1131339776
2021-04-28 14:57:20,4064280576,7977566208,1136881664
2021-04-28 14:57:25,4064280576,7977566208,1136881664
2021-04-28 14:57:30,4064280576,7977566208,1136881664
2021-04-28 14:57:35,4064280576,7977566208,1136881664
2021-04-28 14:57:40,4064280576,7977566208,1137205248
2021-04-28 14:57:45,4064280576,7977566208,1137205248
2021-04-28 14:57:50,4064280576,7977566208,1145118720
2021-04-28 14:57:55,4064280576,7977566208,1145118720
2021-04-28 14:58:00,4064280576,7977566208,1145118720
2021-04-28 14:58:05,4064280576,7977566208,1145118720
2021-04-28 14:58:10,4064280576,7977566208,1146105856
2021-04-28 14:58:15,4064280576,7977566208,1146105856
2021-04-28 14:58:20,4064280576,7977566208,1147740160
2021-04-28 14:58:25,4064280576,7977566208,1147740160
2021-04-28 14:58:30,4064280576,7977566208,1147740160
2021-04-28 14:58:35,4064280576,7977566208,1147740160
2021-04-28 14:58:40,4064280576,7977566208,1147891712
2021-04-28 14:58:45,4064280576,7977566208,1147891712
2021-04-28 14:58:50,4064280576,7977566208,1151877120
2021-04-28 14:58:55,4064280576,7977566208,1151877120
2021-04-28 14:59:00,4064280576,7977566208,1151877120
2021-04-28 14:59:05,4064280576,7977566208,1151877120
2021-04-28 14:59:10,4064280576,7977566208,1158836224
2021-04-28 14:59:15,4064280576,7977566208,1158836224
2021-04-28 14:59:20,4198498304,8246001664,1172627456
2021-04-28 14:59:25,4198498304,8246001664,1172627456
2021-04-28 14:59:30,4198498304,8246001664,1172627456
2021-04-28 14:59:35,4198498304,8246001664,1172627456
2021-04-28 14:59:40,4198498304,8246001664,1196691456
2021-04-28 14:59:45,4198498304,8246001664,1196691456
2021-04-28 14:59:50,4198498304,8246001664,1228836864
2021-04-28 14:59:55,4198498304,8246001664,1228836864
2021-04-28 15:00:00,4198498304,8246001664,1228836864
2021-04-28 15:00:05,4198498304,8246001664,1228836864
2021-04-28 15:00:10,4198498304,8246001664,1234931712
2021-04-28 15:00:15,4198498304,8246001664,1234931712
2021-04-28 15:00:20,4265607168,8380219392,1222352896
2021-04-28 15:00:25,4265607168,8380219392,1222352896
2021-04-28 15:00:30,4265607168,8380219392,1222352896
2021-04-28 15:00:35,4265607168,8380219392,1222352896
2021-04-28 15:00:40,4265607168,8380219392,1221472256
2021-04-28 15:00:45,4265607168,8380219392,1221472256
2021-04-28 15:00:50,4265607168,8380219392,1229303808
2021-04-28 15:00:55,4265607168,8380219392,1229303808
2021-04-28 15:01:00,4265607168,8380219392,1229303808
2021-04-28 15:01:05,4265607168,8380219392,1229303808
2021-04-28 15:01:10,4265607168,8380219392,1272860672
2021-04-28 15:01:15,4265607168,8380219392,1272860672
2021-04-28 15:01:20,5024776192,9930014720,1361293312
2021-04-28 15:01:25,5024776192,9930014720,1361293312
2021-04-28 15:01:30,5024776192,9930014720,1361293312
2021-04-28 15:01:35,5024776192,9930014720,1361293312
2021-04-28 15:01:40,5024776192,9930014720,1362567168
2021-04-28 15:01:45,5024776192,9930014720,1362567168
2021-04-28 15:01:50,5024776192,9930014720,1366343680
2021-04-28 15:01:55,5024776192,9930014720,1366343680
2021-04-28 15:02:00,5024776192,9930014720,1366343680
2021-04-28 15:02:05,5024776192,9930014720,1366343680
2021-04-28 15:02:10,5024776192,9930014720,1367416832
2021-04-28 15:02:15,5024776192,9930014720,1367416832
2021-04-28 15:02:20,5620367360,11142168576,1450139648
2021-04-28 15:02:25,5620367360,11142168576,1450139648
2021-04-28 15:02:30,5620367360,11142168576,1450139648
2021-04-28 15:02:35,5620367360,11142168576,1450139648
2021-04-28 15:02:40,5620367360,11142168576,1470791680
2021-04-28 15:02:45,5620367360,11142168576,1470791680
2021-04-28 15:02:50,5687476224,11276386304,1487097856
2021-04-28 15:02:55,5687476224,11276386304,1487097856
2021-04-28 15:03:00,5687476224,11276386304,1487097856
2021-04-28 15:03:05,5687476224,11276386304,1487097856
2021-04-28 15:03:10,5687476224,11276386304,1490780160
2021-04-28 15:03:15,5687476224,11276386304,1490780160
2021-04-28 15:03:20,5687476224,11276386304,1503145984
2021-04-28 15:03:25,5687476224,11276386304,1503145984
2021-04-28 15:03:30,5687476224,11276386304,1503145984
2021-04-28 15:03:35,5687476224,11276386304,1503145984
2021-04-28 15:03:40,5687476224,11276386304,1496043520
2021-04-28 15:03:45,5687476224,11276386304,1496043520
2021-04-28 15:03:50,5687476224,11276386304,1502867456
2021-04-28 15:03:55,5687476224,11276386304,1502867456
2021-04-28 15:04:00,5687476224,11276386304,1502867456
2021-04-28 15:04:05,5687476224,11276386304,1502867456
2021-04-28 15:04:10,5687476224,11276386304,1504739328
2021-04-28 15:04:15,5687476224,11276386304,1504739328
2021-04-28 15:04:20,5687476224,11276386304,1510428672
2021-04-28 15:04:25,5687476224,11276386304,1510428672
2021-04-28 15:04:30,5687476224,11276386304,1510428672
2021-04-28 15:04:35,5687476224,11276386304,1510428672
2021-04-28 15:04:40,5687476224,11276386304,1511370752
2021-04-28 15:04:45,5687476224,11276386304,1511370752
2021-04-28 15:04:50,5687476224,11276386304,1516904448
2021-04-28 15:04:55,5687476224,11276386304,1516904448
2021-04-28 15:05:00,5687476224,11276386304,1516904448
2021-04-28 15:05:05,5687476224,11276386304,1516904448
2021-04-28 15:05:10,5687476224,11276386304,1518436352
2021-04-28 15:05:15,5687476224,11276386304,1518436352
2021-04-28 15:05:20,5888802816,11679039488,1547436032
2021-04-28 15:05:25,5888802816,11679039488,1547436032
2021-04-28 15:05:30,5888802816,11679039488,1547436032
2021-04-28 15:05:35,5888802816,11679039488,1547436032
2021-04-28 15:05:40,5888802816,11679039488,1557520384
2021-04-28 15:05:45,5888802816,11679039488,1557520384
2021-04-28 15:05:50,5888802816,11679039488,1574187008
2021-04-28 15:05:55,5888802816,11679039488,1574187008
2021-04-28 15:06:00,5888802816,11679039488,1574187008
2021-04-28 15:06:05,5888802816,11679039488,1574187008
2021-04-28 15:06:10,5888802816,11679039488,1576865792
2021-04-28 15:06:15,5888802816,11679039488,1576865792
2021-04-28 15:06:20,5888802816,11679039488,1578070016
2021-04-28 15:06:25,5888802816,11679039488,1578070016
2021-04-28 15:06:30,5888802816,11679039488,1578070016
2021-04-28 15:06:35,5888802816,11679039488,1578070016
2021-04-28 15:06:40,5888802816,11679039488,1581334528
2021-04-28 15:06:45,5888802816,11679039488,1581334528
2021-04-28 15:06:50,5888802816,11679039488,1580118016
2021-04-28 15:06:55,5888802816,11679039488,1580118016
2021-04-28 15:07:00,5888802816,11679039488,1580118016
2021-04-28 15:07:05,5888802816,11679039488,1580118016
2021-04-28 15:07:10,5888802816,11679039488,1580519424
2021-04-28 15:07:15,5888802816,11679039488,1580519424
2021-04-28 15:07:20,5888802816,11679039488,1589620736
2021-04-28 15:07:25,5888802816,11679039488,1589620736
2021-04-28 15:07:30,5888802816,11679039488,1589620736
2021-04-28 15:07:35,5888802816,11679039488,1589620736
2021-04-28 15:07:40,5888802816,11679039488,1592688640
2021-04-28 15:07:45,5888802816,11679039488,1592688640
2021-04-28 15:07:50,5888802816,11679039488,1597358080
2021-04-28 15:07:55,5888802816,11679039488,1597358080
2021-04-28 15:08:00,5888802816,11679039488,1597358080
2021-04-28 15:08:05,5888802816,11679039488,1597358080
2021-04-28 15:08:10,5888802816,11679039488,1600598016
2021-04-28 15:08:15,5888802816,11679039488,1600598016
2021-04-28 15:08:20,5888802816,11679039488,1605132288
2021-04-28 15:08:25,5888802816,11679039488,1605132288
2021-04-28 15:08:30,5888802816,11679039488,1605132288
2021-04-28 15:08:35,5888802816,11679039488,1605132288
2021-04-28 15:08:40,5888802816,11679039488,1606553600
2021-04-28 15:08:45,5888802816,11679039488,1606553600
2021-04-28 15:08:50,6023020544,11947474944,1617838080
2021-04-28 15:08:55,6023020544,11947474944,1617838080
2021-04-28 15:09:00,6023020544,11947474944,1617838080
2021-04-28 15:09:05,6023020544,11947474944,1617838080
2021-04-28 15:09:10,6023020544,11947474944,1632301056
2021-04-28 15:09:15,6023020544,11947474944,1632301056
2021-04-28 15:09:20,6090129408,12081692672,1638772736
2021-04-28 15:09:25,6090129408,12081692672,1638772736
2021-04-28 15:09:30,6090129408,12081692672,1638772736
2021-04-28 15:09:35,6090129408,12081692672,1638772736
2021-04-28 15:09:40,6090129408,12081692672,1661329408
2021-04-28 15:09:45,6090129408,12081692672,1661329408
2021-04-28 15:09:50,6090129408,12081692672,1667354624
2021-04-28 15:09:55,6090129408,12081692672,1667354624
2021-04-28 15:10:00,6090129408,12081692672,1667354624
2021-04-28 15:10:05,6090129408,12081692672,1667354624
2021-04-28 15:10:10,6090129408,12081692672,1669861376
2021-04-28 15:10:15,6090129408,12081692672,1669861376
2021-04-28 15:10:20,6090129408,12081692672,1669959680
2021-04-28 15:10:25,6090129408,12081692672,1669959680
2021-04-28 15:10:30,6090129408,12081692672,1669959680
2021-04-28 15:10:35,6090129408,12081692672,1669959680
2021-04-28 15:10:40,6090129408,12081692672,1672478720
2021-04-28 15:10:45,6090129408,12081692672,1672478720
2021-04-28 15:10:50,6090129408,12081692672,1669455872
2021-04-28 15:10:55,6090129408,12081692672,1669455872
2021-04-28 15:11:00,6090129408,12081692672,1669455872
2021-04-28 15:11:05,6090129408,12081692672,1669455872
2021-04-28 15:11:10,6090129408,12081692672,1671413760
2021-04-28 15:11:15,6090129408,12081692672,1671413760
2021-04-28 15:11:20,6090129408,12081692672,1674661888
2021-04-28 15:11:25,6090129408,12081692672,1674661888
2021-04-28 15:11:30,6090129408,12081692672,1674661888
2021-04-28 15:11:35,6090129408,12081692672,1674661888
2021-04-28 15:11:40,6090129408,12081692672,1676308480
2021-04-28 15:11:45,6090129408,12081692672,1676308480
2021-04-28 15:11:50,5628755968,11137974272,1589407744
2021-04-28 15:11:55,5628755968,11137974272,1589407744
2021-04-28 15:12:00,5628755968,11137974272,1589407744
2021-04-28 15:12:05,5628755968,11137974272,1589407744
2021-04-28 15:12:10,5628755968,11137974272,1589460992
2021-04-28 15:12:15,5628755968,11137974272,1589460992
2021-04-28 15:12:20,5628755968,11137974272,1592877056
2021-04-28 15:12:25,5628755968,11137974272,1592877056
2021-04-28 15:12:30,5628755968,11137974272,1592877056
2021-04-28 15:12:35,5628755968,11137974272,1592877056
2021-04-28 15:12:40,5628755968,11137974272,1593901056
2021-04-28 15:12:45,5628755968,11137974272,1593901056
2021-04-28 15:12:50,5628755968,11137974272,1599004672
2021-04-28 15:12:55,5628755968,11137974272,1599004672
2021-04-28 15:13:00,5628755968,11137974272,1599004672
2021-04-28 15:13:05,5628755968,11137974272,1599004672
2021-04-28 15:13:10,5628755968,11137974272,1600847872
2021-04-28 15:13:15,5628755968,11137974272,1600847872
2021-04-28 15:13:20,5628755968,11137974272,1598107648
2021-04-28 15:13:25,5628755968,11137974272,1598107648
2021-04-28 15:13:30,5628755968,11137974272,1598107648
2021-04-28 15:13:35,5628755968,11137974272,1598107648
2021-04-28 15:13:40,5628755968,11137974272,1598681088
2021-04-28 15:13:45,5628755968,11137974272,1598681088
2021-04-28 15:13:50,5628755968,11137974272,1604718592
2021-04-28 15:13:55,5628755968,11137974272,1604718592
2021-04-28 15:14:00,5628755968,11137974272,1604718592
2021-04-28 15:14:05,5628755968,11137974272,1604718592
2021-04-28 15:14:10,5628755968,11137974272,1605017600
2021-04-28 15:14:15,5628755968,11137974272,1605017600
2021-04-28 15:14:20,5628755968,11137974272,1607286784
2021-04-28 15:14:25,5628755968,11137974272,1607286784
2021-04-28 15:14:30,5628755968,11137974272,1607286784
2021-04-28 15:14:35,5628755968,11137974272,1607286784
2021-04-28 15:14:40,5628755968,11137974272,1607884800
2021-04-28 15:14:45,5628755968,11137974272,1607884800
2021-04-28 15:14:50,5628755968,11137974272,1612009472
2021-04-28 15:14:55,5628755968,11137974272,1612009472
2021-04-28 15:15:00,5628755968,11137974272,1612009472
2021-04-28 15:15:05,5628755968,11137974272,1612009472
2021-04-28 15:15:10,5628755968,11137974272,1613438976
2021-04-28 15:15:15,5628755968,11137974272,1613438976
2021-04-28 15:15:20,5628755968,11137974272,1613819904
2021-04-28 15:15:25,5628755968,11137974272,1613819904
2021-04-28 15:15:30,5628755968,11137974272,1613819904
2021-04-28 15:15:35,5628755968,11137974272,1613819904
2021-04-28 15:15:40,5628755968,11137974272,1615597568
2021-04-28 15:15:45,5628755968,11137974272,1615597568
2021-04-28 15:15:50,5628755968,11137974272,1609515008
2021-04-28 15:15:55,5628755968,11137974272,1609515008
2021-04-28 15:16:00,5628755968,11137974272,1609515008
2021-04-28 15:16:05,5628755968,11137974272,1609515008
2021-04-28 15:16:10,5628755968,11137974272,1610108928
2021-04-28 15:16:15,5628755968,11137974272,1610108928
2021-04-28 15:16:20,5628755968,11137974272,1620537344
2021-04-28 15:16:25,5628755968,11137974272,1620537344
2021-04-28 15:16:30,5628755968,11137974272,1620537344
2021-04-28 15:16:35,5628755968,11137974272,1620537344
2021-04-28 15:16:40,5628755968,11137974272,1621651456
2021-04-28 15:16:45,5628755968,11137974272,1621651456
2021-04-28 15:16:50,5628755968,11137974272,1620729856
2021-04-28 15:16:55,5628755968,11137974272,1620729856
2021-04-28 15:17:00,5628755968,11137974272,1620729856
2021-04-28 15:17:05,5628755968,11137974272,1620729856
2021-04-28 15:17:10,5628755968,11137974272,1621012480
2021-04-28 15:17:15,5628755968,11137974272,1621012480
2021-04-28 15:17:20,5628755968,11137974272,1616277504
2021-04-28 15:17:25,5628755968,11137974272,1616277504
2021-04-28 15:17:30,5628755968,11137974272,1616277504
2021-04-28 15:17:35,5628755968,11137974272,1616277504
2021-04-28 15:17:40,5628755968,11137974272,1617080320
2021-04-28 15:17:45,5628755968,11137974272,1617080320
2021-04-28 15:17:50,5628755968,11137974272,1621610496
2021-04-28 15:17:55,5628755968,11137974272,1621610496
2021-04-28 15:18:00,5628755968,11137974272,1621610496
2021-04-28 15:18:05,5628755968,11137974272,1621610496
2021-04-28 15:18:10,5628755968,11137974272,1621970944
2021-04-28 15:18:15,5628755968,11137974272,1621970944
2021-04-28 15:18:20,5628755968,11137974272,1621336064
2021-04-28 15:18:25,5628755968,11137974272,1621336064
2021-04-28 15:18:30,5628755968,11137974272,1621336064
2021-04-28 15:18:35,5628755968,11137974272,1621336064
2021-04-28 15:18:40,5628755968,11137974272,1622446080
2021-04-28 15:18:45,5628755968,11137974272,1622446080
2021-04-28 15:18:50,5628755968,11137974272,1619832832
2021-04-28 15:18:55,5628755968,11137974272,1619832832
2021-04-28 15:19:00,5628755968,11137974272,1619832832
2021-04-28 15:19:05,5628755968,11137974272,1619832832
2021-04-28 15:19:10,5628755968,11137974272,1620443136
2021-04-28 15:19:15,5628755968,11137974272,1620443136
2021-04-28 15:19:20,5628755968,11137974272,1620570112
2021-04-28 15:19:25,5628755968,11137974272,1620570112
2021-04-28 15:19:30,5628755968,11137974272,1620570112
2021-04-28 15:19:35,5628755968,11137974272,1620570112
2021-04-28 15:19:40,5628755968,11137974272,1620897792
2021-04-28 15:19:45,5628755968,11137974272,1620897792
2021-04-28 15:19:50,5628755968,11137974272,1581600768
2021-04-28 15:19:55,5628755968,11137974272,1581600768
2021-04-28 15:20:00,5628755968,11137974272,1581600768
2021-04-28 15:20:05,5628755968,11137974272,1581600768
2021-04-28 15:20:10,5628755968,11137974272,1581780992
2021-04-28 15:20:15,5628755968,11137974272,1581780992
2021-04-28 15:20:20,5398069248,10666115072,1577963520
2021-04-28 15:20:25,5398069248,10666115072,1577963520
2021-04-28 15:20:30,5398069248,10666115072,1577963520
2021-04-28 15:20:35,5398069248,10666115072,1577963520
2021-04-28 15:20:40,5398069248,10666115072,1578786816
2021-04-28 15:20:45,5398069248,10666115072,1578786816
2021-04-28 15:20:50,5398069248,10666115072,1580191744
2021-04-28 15:20:55,5398069248,10666115072,1580191744
2021-04-28 15:21:00,5398069248,10666115072,1580191744
2021-04-28 15:21:05,5398069248,10666115072,1580191744
2021-04-28 15:21:10,5398069248,10666115072,1581957120
2021-04-28 15:21:15,5398069248,10666115072,1581957120
2021-04-28 15:21:20,5398069248,10666115072,1582424064
2021-04-28 15:21:25,5398069248,10666115072,1582424064
2021-04-28 15:21:30,5398069248,10666115072,1582424064
2021-04-28 15:21:35,5398069248,10666115072,1582424064
2021-04-28 15:21:40,5398069248,10666115072,1583276032
2021-04-28 15:21:45,5398069248,10666115072,1583276032
2021-04-28 15:21:50,5398069248,10666115072,1583267840
2021-04-28 15:21:55,5398069248,10666115072,1583267840
2021-04-28 15:22:00,5398069248,10666115072,1583267840
2021-04-28 15:22:05,5398069248,10666115072,1583267840
2021-04-28 15:22:10,5398069248,10666115072,1582624768
2021-04-28 15:22:15,5398069248,10666115072,1582624768
2021-04-28 15:22:20,5398069248,10666115072,1584852992
2021-04-28 15:22:25,5398069248,10666115072,1584852992
2021-04-28 15:22:30,5398069248,10666115072,1584852992
2021-04-28 15:22:35,5398069248,10666115072,1584852992
2021-04-28 15:22:40,5398069248,10666115072,1584975872
2021-04-28 15:22:45,5398069248,10666115072,1584975872
2021-04-28 15:22:50,5398069248,10666115072,1583034368
2021-04-28 15:22:55,5398069248,10666115072,1583034368
2021-04-28 15:23:00,5398069248,10666115072,1583034368
2021-04-28 15:23:05,5398069248,10666115072,1583034368
2021-04-28 15:23:10,5398069248,10666115072,1583779840
2021-04-28 15:23:15,5398069248,10666115072,1583779840
2021-04-28 15:23:20,5398069248,10666115072,1583632384
2021-04-28 15:23:25,5398069248,10666115072,1583632384
2021-04-28 15:23:30,5398069248,10666115072,1583632384
2021-04-28 15:23:35,5398069248,10666115072,1583632384
2021-04-28 15:23:40,5398069248,10666115072,1587019776
2021-04-28 15:23:45,5398069248,10666115072,1587019776
2021-04-28 15:23:50,5398069248,10666115072,1588514816
2021-04-28 15:23:55,5398069248,10666115072,1588514816
2021-04-28 15:24:00,5398069248,10666115072,1588514816
2021-04-28 15:24:05,5398069248,10666115072,1588514816
2021-04-28 15:24:10,5398069248,10666115072,1587322880
2021-04-28 15:24:15,5398069248,10666115072,1587322880
2021-04-28 15:24:20,5398069248,10666115072,1589469184
2021-04-28 15:24:25,5398069248,10666115072,1589469184
2021-04-28 15:24:30,5398069248,10666115072,1589469184
2021-04-28 15:24:35,5398069248,10666115072,1589469184
2021-04-28 15:24:40,5398069248,10666115072,1591042048
2021-04-28 15:24:45,5398069248,10666115072,1591042048
2021-04-28 15:24:50,5398069248,10666115072,1592496128
2021-04-28 15:24:55,5398069248,10666115072,1592496128
2021-04-28 15:25:00,5398069248,10666115072,1592496128
2021-04-28 15:25:05,5398069248,10666115072,1592496128
2021-04-28 15:25:10,5398069248,10666115072,1592840192
2021-04-28 15:25:15,5398069248,10666115072,1592840192
2021-04-28 15:25:20,5263851520,10397679616,1572188160
2021-04-28 15:25:25,5263851520,10397679616,1572188160
2021-04-28 15:25:30,5263851520,10397679616,1572188160
2021-04-28 15:25:35,5263851520,10397679616,1572188160
2021-04-28 15:25:40,5263851520,10397679616,1540227072
2021-04-28 15:25:45,5263851520,10397679616,1540227072
2021-04-28 15:25:50,5196742656,10263461888,1541058560
2021-04-28 15:25:55,5196742656,10263461888,1541058560
2021-04-28 15:26:00,5196742656,10263461888,1541058560
2021-04-28 15:26:05,5196742656,10263461888,1541058560
2021-04-28 15:26:10,5196742656,10263461888,1540259840
2021-04-28 15:26:15,5196742656,10263461888,1540259840
2021-04-28 15:26:20,5196742656,10263461888,1541799936
2021-04-28 15:26:25,5196742656,10263461888,1541799936
2021-04-28 15:26:30,5196742656,10263461888,1541799936
2021-04-28 15:26:35,5196742656,10263461888,1541799936
2021-04-28 15:26:40,5196742656,10263461888,1541574656
2021-04-28 15:26:45,5196742656,10263461888,1541574656
2021-04-28 15:26:50,5196742656,10263461888,1542098944
2021-04-28 15:26:55,5196742656,10263461888,1542098944
2021-04-28 15:27:00,5196742656,10263461888,1542098944
2021-04-28 15:27:05,5196742656,10263461888,1542098944
2021-04-28 15:27:10,5196742656,10263461888,1542418432
2021-04-28 15:27:15,5196742656,10263461888,1542418432
2021-04-28 15:27:20,5196742656,10263461888,1542893568
2021-04-28 15:27:25,5196742656,10263461888,1542893568
2021-04-28 15:27:30,5196742656,10263461888,1542893568
2021-04-28 15:27:35,5196742656,10263461888,1542893568
2021-04-28 15:27:40,5196742656,10263461888,1542955008
2021-04-28 15:27:45,5196742656,10263461888,1542955008
2021-04-28 15:27:50,5196742656,10263461888,1541984256
2021-04-28 15:27:55,5196742656,10263461888,1541984256
2021-04-28 15:28:00,5196742656,10263461888,1541984256
2021-04-28 15:28:05,5196742656,10263461888,1541984256
2021-04-28 15:28:10,5196742656,10263461888,1542467584
2021-04-28 15:28:15,5196742656,10263461888,1542467584
2021-04-28 15:28:20,5129633792,10129244160,1509400576
2021-04-28 15:28:25,5129633792,10129244160,1509400576
2021-04-28 15:28:30,5129633792,10129244160,1509400576
2021-04-28 15:28:35,5129633792,10129244160,1509400576
2021-04-28 15:28:40,5129633792,10129244160,1469767680
2021-04-28 15:28:45,5129633792,10129244160,1469767680
2021-04-28 15:28:50,4898947072,9657384960,1470980096
2021-04-28 15:28:55,4898947072,9657384960,1470980096
2021-04-28 15:29:00,4898947072,9657384960,1470980096
2021-04-28 15:29:05,4898947072,9657384960,1470980096
2021-04-28 15:29:10,4898947072,9657384960,1471623168
2021-04-28 15:29:15,4898947072,9657384960,1471623168
2021-04-28 15:29:20,4898947072,9657384960,1469145088
2021-04-28 15:29:25,4898947072,9657384960,1469145088
2021-04-28 15:29:30,4898947072,9657384960,1469145088
2021-04-28 15:29:35,4898947072,9657384960,1469145088
2021-04-28 15:29:40,4898947072,9657384960,1469284352
2021-04-28 15:29:45,4898947072,9657384960,1469284352
2021-04-28 15:29:50,4898947072,9657384960,1474875392
2021-04-28 15:29:55,4898947072,9657384960,1474875392
2021-04-28 15:30:00,4898947072,9657384960,1474875392
2021-04-28 15:30:05,4898947072,9657384960,1474875392
2021-04-28 15:30:10,4898947072,9657384960,1475002368
2021-04-28 15:30:15,4898947072,9657384960,1475002368
2021-04-28 15:30:20,4831838208,9523167232,1429807104
2021-04-28 15:30:25,4831838208,9523167232,1429807104
2021-04-28 15:30:30,4831838208,9523167232,1429807104
2021-04-28 15:30:35,4831838208,9523167232,1429807104
2021-04-28 15:30:40,4831838208,9523167232,1413783552
2021-04-28 15:30:45,4831838208,9523167232,1413783552
2021-04-28 15:30:50,4697620480,9254731776,1411452928
2021-04-28 15:30:55,4697620480,9254731776,1411452928
2021-04-28 15:31:00,4697620480,9254731776,1411452928
2021-04-28 15:31:05,4697620480,9254731776,1411452928
2021-04-28 15:31:10,4697620480,9254731776,1410633728
2021-04-28 15:31:15,4697620480,9254731776,1410633728
2021-04-28 15:31:20,4697620480,9254731776,1413398528
2021-04-28 15:31:25,4697620480,9254731776,1413398528
2021-04-28 15:31:30,4697620480,9254731776,1413398528
2021-04-28 15:31:35,4697620480,9254731776,1413398528
2021-04-28 15:31:40,4697620480,9254731776,1413046272
2021-04-28 15:31:45,4697620480,9254731776,1413046272
2021-04-28 15:31:50,4697620480,9254731776,1412751360
2021-04-28 15:31:55,4697620480,9254731776,1412751360
2021-04-28 15:32:00,4697620480,9254731776,1412751360
2021-04-28 15:32:05,4697620480,9254731776,1412751360
2021-04-28 15:32:10,4697620480,9254731776,1412808704
2021-04-28 15:32:15,4697620480,9254731776,1412808704
2021-04-28 15:32:20,4697620480,9254731776,1412005888
2021-04-28 15:32:25,4697620480,9254731776,1412005888
2021-04-28 15:32:30,4697620480,9254731776,1412005888
2021-04-28 15:32:35,4697620480,9254731776,1412005888
2021-04-28 15:32:40,4697620480,9254731776,1412509696
2021-04-28 15:32:45,4697620480,9254731776,1412509696
2021-04-28 15:32:50,4697620480,9254731776,1411321856
2021-04-28 15:32:55,4697620480,9254731776,1411321856
2021-04-28 15:33:00,4697620480,9254731776,1411321856
2021-04-28 15:33:05,4697620480,9254731776,1411321856
2021-04-28 15:33:10,4697620480,9254731776,1410846720
2021-04-28 15:33:15,4697620480,9254731776,1410846720
2021-04-28 15:33:20,4697620480,9254731776,1409486848
2021-04-28 15:33:25,4697620480,9254731776,1409486848
2021-04-28 15:33:30,4697620480,9254731776,1409486848
2021-04-28 15:33:35,4697620480,9254731776,1409486848
2021-04-28 15:33:40,4697620480,9254731776,1409634304
2021-04-28 15:33:45,4697620480,9254731776,1409634304
2021-04-28 15:33:50,4697620480,9254731776,1409589248
2021-04-28 15:33:55,4697620480,9254731776,1409589248
2021-04-28 15:34:00,4697620480,9254731776,1409589248
2021-04-28 15:34:05,4697620480,9254731776,1409589248
2021-04-28 15:34:10,4697620480,9254731776,1410015232
2021-04-28 15:34:15,4697620480,9254731776,1410015232
2021-04-28 15:34:20,4630511616,9120514048,1399689216
2021-04-28 15:34:25,4630511616,9120514048,1399689216
2021-04-28 15:34:30,4630511616,9120514048,1399689216
2021-04-28 15:34:35,4630511616,9120514048,1399689216
2021-04-28 15:34:40,4630511616,9120514048,1399959552
2021-04-28 15:34:45,4630511616,9120514048,1399959552
2021-04-28 15:34:50,4630511616,9120514048,1400528896
2021-04-28 15:34:55,4630511616,9120514048,1400528896
2021-04-28 15:35:00,4630511616,9120514048,1400528896
2021-04-28 15:35:05,4630511616,9120514048,1400528896
2021-04-28 15:35:10,4630511616,9120514048,1400516608
2021-04-28 15:35:15,4630511616,9120514048,1400516608
2021-04-28 15:35:20,4630511616,9120514048,1400922112
2021-04-28 15:35:25,4630511616,9120514048,1400922112
2021-04-28 15:35:30,4630511616,9120514048,1400922112
2021-04-28 15:35:35,4630511616,9120514048,1400922112
2021-04-28 15:35:40,4630511616,9120514048,1402830848
2021-04-28 15:35:45,4630511616,9120514048,1402830848
2021-04-28 15:35:50,4630511616,9120514048,1397035008
2021-04-28 15:35:55,4630511616,9120514048,1397035008
2021-04-28 15:36:00,4630511616,9120514048,1397035008
2021-04-28 15:36:05,4630511616,9120514048,1397035008
2021-04-28 15:36:10,4630511616,9120514048,1395781632
2021-04-28 15:36:15,4630511616,9120514048,1395781632
2021-04-28 15:36:20,4102029312,8042577920,1291587584
2021-04-28 15:36:25,4102029312,8042577920,1291587584
2021-04-28 15:36:30,4102029312,8042577920,1291587584
2021-04-28 15:36:35,4102029312,8042577920,1291587584
2021-04-28 15:36:40,4102029312,8042577920,1292554240
2021-04-28 15:36:45,4102029312,8042577920,1292554240
2021-04-28 15:36:50,4102029312,8042577920,1295872000
2021-04-28 15:36:55,4102029312,8042577920,1295872000
2021-04-28 15:37:00,4102029312,8042577920,1295872000
2021-04-28 15:37:05,4102029312,8042577920,1295872000
2021-04-28 15:37:10,4102029312,8042577920,1298685952
2021-04-28 15:37:15,4102029312,8042577920,1298685952
2021-04-28 15:37:20,4102029312,8042577920,1298423808
2021-04-28 15:37:25,4102029312,8042577920,1298423808
2021-04-28 15:37:30,4102029312,8042577920,1298423808
2021-04-28 15:37:35,4102029312,8042577920,1298423808
2021-04-28 15:37:40,4102029312,8042577920,1297010688
2021-04-28 15:37:45,4102029312,8042577920,1297010688
2021-04-28 15:37:50,4102029312,8042577920,1297047552
2021-04-28 15:37:55,4102029312,8042577920,1297047552
2021-04-28 15:38:00,4102029312,8042577920,1297047552
2021-04-28 15:38:05,4102029312,8042577920,1297047552
2021-04-28 15:38:10,4102029312,8042577920,1296867328
2021-04-28 15:38:15,4102029312,8042577920,1296867328
2021-04-28 15:38:20,4102029312,8042577920,1296732160
2021-04-28 15:38:25,4102029312,8042577920,1296732160
2021-04-28 15:38:30,4102029312,8042577920,1296732160
2021-04-28 15:38:35,4102029312,8042577920,1296732160
2021-04-28 15:38:40,4102029312,8042577920,1297502208
2021-04-28 15:38:45,4102029312,8042577920,1297502208
2021-04-28 15:38:50,4102029312,8042577920,1300992000
2021-04-28 15:38:55,4102029312,8042577920,1300992000
2021-04-28 15:39:00,4102029312,8042577920,1300992000
2021-04-28 15:39:05,4102029312,8042577920,1300992000
2021-04-28 15:39:10,4102029312,8042577920,1301782528
2021-04-28 15:39:15,4102029312,8042577920,1301782528
2021-04-28 15:39:20,4034920448,7908360192,1293099008
2021-04-28 15:39:25,4034920448,7908360192,1293099008
2021-04-28 15:39:30,4034920448,7908360192,1293099008
2021-04-28 15:39:35,4034920448,7908360192,1293099008
2021-04-28 15:39:40,4034920448,7908360192,1294209024
2021-04-28 15:39:45,4034920448,7908360192,1294209024
2021-04-28 15:39:50,4034920448,7908360192,1290280960
2021-04-28 15:39:55,4034920448,7908360192,1290280960
2021-04-28 15:40:00,4034920448,7908360192,1290280960
2021-04-28 15:40:05,4034920448,7908360192,1290280960
2021-04-28 15:40:10,4034920448,7908360192,1293606912
2021-04-28 15:40:15,4034920448,7908360192,1293606912
2021-04-28 15:40:20,4034920448,7908360192,1288704000
2021-04-28 15:40:25,4034920448,7908360192,1288704000
2021-04-28 15:40:30,4034920448,7908360192,1288704000
2021-04-28 15:40:35,4034920448,7908360192,1288704000
2021-04-28 15:40:40,4034920448,7908360192,1274368000
2021-04-28 15:40:45,4034920448,7908360192,1274368000
2021-04-28 15:40:50,3967811584,7774142464,1276067840
2021-04-28 15:40:55,3967811584,7774142464,1276067840
2021-04-28 15:41:00,3967811584,7774142464,1276067840
2021-04-28 15:41:05,3967811584,7774142464,1276067840
2021-04-28 15:41:10,3967811584,7774142464,1276493824
2021-04-28 15:41:15,3967811584,7774142464,1276493824
2021-04-28 15:41:20,3967811584,7774142464,1279082496
2021-04-28 15:41:25,3967811584,7774142464,1279082496
2021-04-28 15:41:30,3967811584,7774142464,1279082496
2021-04-28 15:41:35,3967811584,7774142464,1279082496
2021-04-28 15:41:40,3967811584,7774142464,1279496192
2021-04-28 15:41:45,3967811584,7774142464,1279496192
2021-04-28 15:41:50,3967811584,7774142464,1280135168
2021-04-28 15:41:55,3967811584,7774142464,1280135168
2021-04-28 15:42:00,3967811584,7774142464,1280135168
2021-04-28 15:42:05,3967811584,7774142464,1280135168
2021-04-28 15:42:10,3967811584,7774142464,1280458752
2021-04-28 15:42:15,3967811584,7774142464,1280458752
2021-04-28 15:42:20,3900702720,7639924736,1279557632
2021-04-28 15:42:25,3900702720,7639924736,1279557632
2021-04-28 15:42:30,3900702720,7639924736,1279557632
2021-04-28 15:42:35,3900702720,7639924736,1279557632
2021-04-28 15:42:40,3900702720,7639924736,1270284288
2021-04-28 15:42:45,3900702720,7639924736,1270284288
2021-04-28 15:42:50,3900702720,7639924736,1271422976
2021-04-28 15:42:55,3900702720,7639924736,1271422976
2021-04-28 15:43:00,3900702720,7639924736,1271422976
2021-04-28 15:43:05,3900702720,7639924736,1271422976
2021-04-28 15:43:10,3900702720,7639924736,1271742464
2021-04-28 15:43:15,3900702720,7639924736,1271742464
2021-04-28 15:43:20,3900702720,7639924736,1273659392
2021-04-28 15:43:25,3900702720,7639924736,1273659392
2021-04-28 15:43:30,3900702720,7639924736,1273659392
2021-04-28 15:43:35,3900702720,7639924736,1273659392
2021-04-28 15:43:40,3900702720,7639924736,1273278464
2021-04-28 15:43:45,3900702720,7639924736,1273278464
2021-04-28 15:43:50,3900702720,7639924736,1271205888
2021-04-28 15:43:55,3900702720,7639924736,1271205888
2021-04-28 15:44:00,3900702720,7639924736,1271205888
2021-04-28 15:44:05,3900702720,7639924736,1271205888
2021-04-28 15:44:10,3900702720,7639924736,1271250944
2021-04-28 15:44:15,3900702720,7639924736,1271250944
2021-04-28 15:44:20,3900702720,7639924736,1271205888
2021-04-28 15:44:25,3900702720,7639924736,1271205888
2021-04-28 15:44:30,3900702720,7639924736,1271205888
2021-04-28 15:44:35,3900702720,7639924736,1271205888
2021-04-28 15:44:40,3900702720,7639924736,1250942976
2021-04-28 15:44:45,3900702720,7639924736,1250942976
2021-04-28 15:44:50,2394947584,4617928704,421081088
2021-04-28 15:44:55,2394947584,4617928704,421081088
2021-04-28 15:45:00,2394947584,4617928704,421081088
2021-04-28 15:45:05,2394947584,4617928704,421081088
2021-04-28 15:45:10,2394947584,4617928704,
2021-04-28 15:45:15,2394947584,4617928704,
2021-04-28 15:45:20,,,
2021-04-28 15:45:25,,,
2021-04-28 15:45:30,,,
2021-04-28 15:45:35,,,
2021-04-28 15:45:40,,,
2021-04-28 15:45:45,,,
2021-04-28 15:45:50,,,
2021-04-28 15:45:55,,,
2021-04-28 15:46:00,,,
2021-04-28 15:46:05,,,
2021-04-28 15:46:10,,,
2021-04-28 15:46:15,,,
2021-04-28 15:46:20,,,
2021-04-28 15:46:25,,,
2021-04-28 15:46:30,,,
2021-04-28 15:46:35,,,

