"Time","user"
2021-03-03 10:31:30,
2021-03-03 10:31:35,
2021-03-03 10:31:40,
2021-03-03 10:31:45,
2021-03-03 10:31:50,
2021-03-03 10:31:55,
2021-03-03 10:32:00,
2021-03-03 10:32:05,
2021-03-03 10:32:10,
2021-03-03 10:32:15,
2021-03-03 10:32:20,
2021-03-03 10:32:25,
2021-03-03 10:32:30,
2021-03-03 10:32:35,0
2021-03-03 10:32:40,0
2021-03-03 10:32:45,0
2021-03-03 10:32:50,0
2021-03-03 10:32:55,0
2021-03-03 10:33:00,0
2021-03-03 10:33:05,0
2021-03-03 10:33:10,0
2021-03-03 10:33:15,5
2021-03-03 10:33:20,9
2021-03-03 10:33:25,15
2021-03-03 10:33:30,20
2021-03-03 10:33:35,24
2021-03-03 10:33:40,30
2021-03-03 10:33:45,35
2021-03-03 10:33:50,39
2021-03-03 10:33:55,45
2021-03-03 10:34:00,50
2021-03-03 10:34:05,54
2021-03-03 10:34:10,60
2021-03-03 10:34:15,65
2021-03-03 10:34:20,69
2021-03-03 10:34:25,75
2021-03-03 10:34:30,80
2021-03-03 10:34:35,84
2021-03-03 10:34:40,90
2021-03-03 10:34:45,95
2021-03-03 10:34:50,99
2021-03-03 10:34:55,105
2021-03-03 10:35:00,110
2021-03-03 10:35:05,114
2021-03-03 10:35:10,120
2021-03-03 10:35:15,125
2021-03-03 10:35:20,129
2021-03-03 10:35:25,135
2021-03-03 10:35:30,140
2021-03-03 10:35:35,144
2021-03-03 10:35:40,150
2021-03-03 10:35:45,155
2021-03-03 10:35:50,159
2021-03-03 10:35:55,165
2021-03-03 10:36:00,170
2021-03-03 10:36:05,174
2021-03-03 10:36:10,180
2021-03-03 10:36:15,185
2021-03-03 10:36:20,189
2021-03-03 10:36:25,195
2021-03-03 10:36:30,200
2021-03-03 10:36:35,204
2021-03-03 10:36:40,210
2021-03-03 10:36:45,215
2021-03-03 10:36:50,219
2021-03-03 10:36:55,225
2021-03-03 10:37:00,230
2021-03-03 10:37:05,234
2021-03-03 10:37:10,240
2021-03-03 10:37:15,245
2021-03-03 10:37:20,249
2021-03-03 10:37:25,255
2021-03-03 10:37:30,260
2021-03-03 10:37:35,264
2021-03-03 10:37:40,270
2021-03-03 10:37:45,275
2021-03-03 10:37:50,279
2021-03-03 10:37:55,285
2021-03-03 10:38:00,290
2021-03-03 10:38:05,294
2021-03-03 10:38:10,300
2021-03-03 10:38:15,305
2021-03-03 10:38:20,309
2021-03-03 10:38:25,315
2021-03-03 10:38:30,320
2021-03-03 10:38:35,324
2021-03-03 10:38:40,330
2021-03-03 10:38:45,335
2021-03-03 10:38:50,339
2021-03-03 10:38:55,345
2021-03-03 10:39:00,350
2021-03-03 10:39:05,354
2021-03-03 10:39:10,360
2021-03-03 10:39:15,365
2021-03-03 10:39:20,369
2021-03-03 10:39:25,375
2021-03-03 10:39:30,380
2021-03-03 10:39:35,384
2021-03-03 10:39:40,390
2021-03-03 10:39:45,395
2021-03-03 10:39:50,399
2021-03-03 10:39:55,405
2021-03-03 10:40:00,410
2021-03-03 10:40:05,414
2021-03-03 10:40:10,419
2021-03-03 10:40:15,425
2021-03-03 10:40:20,428
2021-03-03 10:40:25,434
2021-03-03 10:40:30,440
2021-03-03 10:40:35,443
2021-03-03 10:40:40,449
2021-03-03 10:40:45,455
2021-03-03 10:40:50,458
2021-03-03 10:40:55,464
2021-03-03 10:41:00,470
2021-03-03 10:41:05,473
2021-03-03 10:41:10,479
2021-03-03 10:41:15,485
2021-03-03 10:41:20,488
2021-03-03 10:41:25,494
2021-03-03 10:41:30,500
2021-03-03 10:41:35,503
2021-03-03 10:41:40,509
2021-03-03 10:41:45,515
2021-03-03 10:41:50,518
2021-03-03 10:41:55,524
2021-03-03 10:42:00,530
2021-03-03 10:42:05,533
2021-03-03 10:42:10,539
2021-03-03 10:42:15,545
2021-03-03 10:42:20,548
2021-03-03 10:42:25,554
2021-03-03 10:42:30,560
2021-03-03 10:42:35,563
2021-03-03 10:42:40,569
2021-03-03 10:42:45,574
2021-03-03 10:42:50,578
2021-03-03 10:42:55,584
2021-03-03 10:43:00,589
2021-03-03 10:43:05,593
2021-03-03 10:43:10,599
2021-03-03 10:43:15,604
2021-03-03 10:43:20,608
2021-03-03 10:43:25,614
2021-03-03 10:43:30,619
2021-03-03 10:43:35,623
2021-03-03 10:43:40,629
2021-03-03 10:43:45,634
2021-03-03 10:43:50,638
2021-03-03 10:43:55,644
2021-03-03 10:44:00,649
2021-03-03 10:44:05,653
2021-03-03 10:44:10,659
2021-03-03 10:44:15,664
2021-03-03 10:44:20,668
2021-03-03 10:44:25,674
2021-03-03 10:44:30,679
2021-03-03 10:44:35,683
2021-03-03 10:44:40,689
2021-03-03 10:44:45,694
2021-03-03 10:44:50,698
2021-03-03 10:44:55,704
2021-03-03 10:45:00,709
2021-03-03 10:45:05,713
2021-03-03 10:45:10,719
2021-03-03 10:45:15,724
2021-03-03 10:45:20,728
2021-03-03 10:45:25,734
2021-03-03 10:45:30,739
2021-03-03 10:45:35,743
2021-03-03 10:45:40,749
2021-03-03 10:45:45,754
2021-03-03 10:45:50,758
2021-03-03 10:45:55,764
2021-03-03 10:46:00,769
2021-03-03 10:46:05,773
2021-03-03 10:46:10,779
2021-03-03 10:46:15,784
2021-03-03 10:46:20,788
2021-03-03 10:46:25,794
2021-03-03 10:46:30,799
2021-03-03 10:46:35,803
2021-03-03 10:46:40,809
2021-03-03 10:46:45,814
2021-03-03 10:46:50,818
2021-03-03 10:46:55,824
2021-03-03 10:47:00,829
2021-03-03 10:47:05,833
2021-03-03 10:47:10,839
2021-03-03 10:47:15,844
2021-03-03 10:47:20,848
2021-03-03 10:47:25,854
2021-03-03 10:47:30,859
2021-03-03 10:47:35,863
2021-03-03 10:47:40,869
2021-03-03 10:47:45,874
2021-03-03 10:47:50,878
2021-03-03 10:47:55,884
2021-03-03 10:48:00,889
2021-03-03 10:48:05,893
2021-03-03 10:48:10,899
2021-03-03 10:48:15,904
2021-03-03 10:48:20,908
2021-03-03 10:48:25,914
2021-03-03 10:48:30,919
2021-03-03 10:48:35,923
2021-03-03 10:48:40,929
2021-03-03 10:48:45,934
2021-03-03 10:48:50,938
2021-03-03 10:48:55,944
2021-03-03 10:49:00,949
2021-03-03 10:49:05,953
2021-03-03 10:49:10,959
2021-03-03 10:49:15,964
2021-03-03 10:49:20,968
2021-03-03 10:49:25,974
2021-03-03 10:49:30,979
2021-03-03 10:49:35,983
2021-03-03 10:49:40,989
2021-03-03 10:49:45,994
2021-03-03 10:49:50,998
2021-03-03 10:49:55,1000
2021-03-03 10:50:00,1000
2021-03-03 10:50:05,1000
2021-03-03 10:50:10,1000
2021-03-03 10:50:15,1000
2021-03-03 10:50:20,1000
2021-03-03 10:50:25,1000
2021-03-03 10:50:30,1000
2021-03-03 10:50:35,1000
2021-03-03 10:50:40,1000
2021-03-03 10:50:45,1000
2021-03-03 10:50:50,1000
2021-03-03 10:50:55,1000
2021-03-03 10:51:00,1000
2021-03-03 10:51:05,1000
2021-03-03 10:51:10,1000
2021-03-03 10:51:15,1000
2021-03-03 10:51:20,1000
2021-03-03 10:51:25,1000
2021-03-03 10:51:30,1000
2021-03-03 10:51:35,1000
2021-03-03 10:51:40,1000
2021-03-03 10:51:45,1000
2021-03-03 10:51:50,1000
2021-03-03 10:51:55,1000
2021-03-03 10:52:00,1000
2021-03-03 10:52:05,1000
2021-03-03 10:52:10,1000
2021-03-03 10:52:15,1000
2021-03-03 10:52:20,1000
2021-03-03 10:52:25,1000
2021-03-03 10:52:30,1000
2021-03-03 10:52:35,1000
2021-03-03 10:52:40,1000
2021-03-03 10:52:45,1000
2021-03-03 10:52:50,1000
2021-03-03 10:52:55,1000
2021-03-03 10:53:00,1000
2021-03-03 10:53:05,1000
2021-03-03 10:53:10,1000
2021-03-03 10:53:15,1000
2021-03-03 10:53:20,1000
2021-03-03 10:53:25,1000
2021-03-03 10:53:30,1000
2021-03-03 10:53:35,1000
2021-03-03 10:53:40,1000
2021-03-03 10:53:45,1000
2021-03-03 10:53:50,1000
2021-03-03 10:53:55,1000
2021-03-03 10:54:00,1000
2021-03-03 10:54:05,1000
2021-03-03 10:54:10,1000
2021-03-03 10:54:15,1000
2021-03-03 10:54:20,1000
2021-03-03 10:54:25,1000
2021-03-03 10:54:30,1000
2021-03-03 10:54:35,1000
2021-03-03 10:54:40,1000
2021-03-03 10:54:45,1000
2021-03-03 10:54:50,1000
2021-03-03 10:54:55,1000
2021-03-03 10:55:00,1000
2021-03-03 10:55:05,1000
2021-03-03 10:55:10,1000
2021-03-03 10:55:15,1000
2021-03-03 10:55:20,1000
2021-03-03 10:55:25,1000
2021-03-03 10:55:30,1000
2021-03-03 10:55:35,1000
2021-03-03 10:55:40,1000
2021-03-03 10:55:45,1000
2021-03-03 10:55:50,1000
2021-03-03 10:55:55,1000
2021-03-03 10:56:00,1000
2021-03-03 10:56:05,1000
2021-03-03 10:56:10,1000
2021-03-03 10:56:15,1000
2021-03-03 10:56:20,1000
2021-03-03 10:56:25,1000
2021-03-03 10:56:30,1000
2021-03-03 10:56:35,1000
2021-03-03 10:56:40,1000
2021-03-03 10:56:45,1000
2021-03-03 10:56:50,1000
2021-03-03 10:56:55,1000
2021-03-03 10:57:00,1000
2021-03-03 10:57:05,1000
2021-03-03 10:57:10,1000
2021-03-03 10:57:15,1000
2021-03-03 10:57:20,1000
2021-03-03 10:57:25,1000
2021-03-03 10:57:30,1000
2021-03-03 10:57:35,1000
2021-03-03 10:57:40,1000
2021-03-03 10:57:45,1000
2021-03-03 10:57:50,1000
2021-03-03 10:57:55,1000
2021-03-03 10:58:00,1000
2021-03-03 10:58:05,1000
2021-03-03 10:58:10,1000
2021-03-03 10:58:15,1000
2021-03-03 10:58:20,1000
2021-03-03 10:58:25,1000
2021-03-03 10:58:30,1000
2021-03-03 10:58:35,1000
2021-03-03 10:58:40,1000
2021-03-03 10:58:45,1000
2021-03-03 10:58:50,1000
2021-03-03 10:58:55,1000
2021-03-03 10:59:00,1000
2021-03-03 10:59:05,1000
2021-03-03 10:59:10,1000
2021-03-03 10:59:15,1000
2021-03-03 10:59:20,1000
2021-03-03 10:59:25,1000
2021-03-03 10:59:30,1000
2021-03-03 10:59:35,1000
2021-03-03 10:59:40,1000
2021-03-03 10:59:45,1000
2021-03-03 10:59:50,1000
2021-03-03 10:59:55,996
2021-03-03 11:00:00,990
2021-03-03 11:00:05,987
2021-03-03 11:00:10,981
2021-03-03 11:00:15,975
2021-03-03 11:00:20,972
2021-03-03 11:00:25,966
2021-03-03 11:00:30,960
2021-03-03 11:00:35,957
2021-03-03 11:00:40,951
2021-03-03 11:00:45,945
2021-03-03 11:00:50,942
2021-03-03 11:00:55,936
2021-03-03 11:01:00,930
2021-03-03 11:01:05,927
2021-03-03 11:01:10,921
2021-03-03 11:01:15,915
2021-03-03 11:01:20,912
2021-03-03 11:01:25,906
2021-03-03 11:01:30,901
2021-03-03 11:01:35,897
2021-03-03 11:01:40,891
2021-03-03 11:01:45,886
2021-03-03 11:01:50,882
2021-03-03 11:01:55,876
2021-03-03 11:02:00,871
2021-03-03 11:02:05,867
2021-03-03 11:02:10,861
2021-03-03 11:02:15,856
2021-03-03 11:02:20,852
2021-03-03 11:02:25,846
2021-03-03 11:02:30,841
2021-03-03 11:02:35,837
2021-03-03 11:02:40,831
2021-03-03 11:02:45,826
2021-03-03 11:02:50,822
2021-03-03 11:02:55,816
2021-03-03 11:03:00,811
2021-03-03 11:03:05,807
2021-03-03 11:03:10,801
2021-03-03 11:03:15,796
2021-03-03 11:03:20,792
2021-03-03 11:03:25,786
2021-03-03 11:03:30,781
2021-03-03 11:03:35,777
2021-03-03 11:03:40,771
2021-03-03 11:03:45,766
2021-03-03 11:03:50,762
2021-03-03 11:03:55,756
2021-03-03 11:04:00,751
2021-03-03 11:04:05,747
2021-03-03 11:04:10,741
2021-03-03 11:04:15,736
2021-03-03 11:04:20,732
2021-03-03 11:04:25,726
2021-03-03 11:04:30,721
2021-03-03 11:04:35,717
2021-03-03 11:04:40,711
2021-03-03 11:04:45,706
2021-03-03 11:04:50,702
2021-03-03 11:04:55,696
2021-03-03 11:05:00,691
2021-03-03 11:05:05,687
2021-03-03 11:05:10,681
2021-03-03 11:05:15,676
2021-03-03 11:05:20,672
2021-03-03 11:05:25,666
2021-03-03 11:05:30,661
2021-03-03 11:05:35,657
2021-03-03 11:05:40,651
2021-03-03 11:05:45,646
2021-03-03 11:05:50,642
2021-03-03 11:05:55,636
2021-03-03 11:06:00,631
2021-03-03 11:06:05,627
2021-03-03 11:06:10,621
2021-03-03 11:06:15,616
2021-03-03 11:06:20,612
2021-03-03 11:06:25,606
2021-03-03 11:06:30,601
2021-03-03 11:06:35,597
2021-03-03 11:06:40,591
2021-03-03 11:06:45,586
2021-03-03 11:06:50,582
2021-03-03 11:06:55,576
2021-03-03 11:07:00,571
2021-03-03 11:07:05,567
2021-03-03 11:07:10,561
2021-03-03 11:07:15,556
2021-03-03 11:07:20,552
2021-03-03 11:07:25,546
2021-03-03 11:07:30,541
2021-03-03 11:07:35,537
2021-03-03 11:07:40,531
2021-03-03 11:07:45,526
2021-03-03 11:07:50,522
2021-03-03 11:07:55,516
2021-03-03 11:08:00,511
2021-03-03 11:08:05,507
2021-03-03 11:08:10,501
2021-03-03 11:08:15,496
2021-03-03 11:08:20,492
2021-03-03 11:08:25,486
2021-03-03 11:08:30,481
2021-03-03 11:08:35,477
2021-03-03 11:08:40,471
2021-03-03 11:08:45,466
2021-03-03 11:08:50,462
2021-03-03 11:08:55,456
2021-03-03 11:09:00,451
2021-03-03 11:09:05,447
2021-03-03 11:09:10,441
2021-03-03 11:09:15,436
2021-03-03 11:09:20,432
2021-03-03 11:09:25,426
2021-03-03 11:09:30,421
2021-03-03 11:09:35,417
2021-03-03 11:09:40,411
2021-03-03 11:09:45,406
2021-03-03 11:09:50,402
2021-03-03 11:09:55,396
2021-03-03 11:10:00,391
2021-03-03 11:10:05,387
2021-03-03 11:10:10,380
2021-03-03 11:10:15,375
2021-03-03 11:10:20,371
2021-03-03 11:10:25,365
2021-03-03 11:10:30,360
2021-03-03 11:10:35,356
2021-03-03 11:10:40,350
2021-03-03 11:10:45,345
2021-03-03 11:10:50,341
2021-03-03 11:10:55,335
2021-03-03 11:11:00,330
2021-03-03 11:11:05,326
2021-03-03 11:11:10,320
2021-03-03 11:11:15,315
2021-03-03 11:11:20,311
2021-03-03 11:11:25,305
2021-03-03 11:11:30,300
2021-03-03 11:11:35,296
2021-03-03 11:11:40,290
2021-03-03 11:11:45,285
2021-03-03 11:11:50,281
2021-03-03 11:11:55,275
2021-03-03 11:12:00,270
2021-03-03 11:12:05,266
2021-03-03 11:12:10,260
2021-03-03 11:12:15,255
2021-03-03 11:12:20,251
2021-03-03 11:12:25,245
2021-03-03 11:12:30,240
2021-03-03 11:12:35,236
2021-03-03 11:12:40,230
2021-03-03 11:12:45,225
2021-03-03 11:12:50,221
2021-03-03 11:12:55,215
2021-03-03 11:13:00,210
2021-03-03 11:13:05,206
2021-03-03 11:13:10,200
2021-03-03 11:13:15,195
2021-03-03 11:13:20,191
2021-03-03 11:13:25,185
2021-03-03 11:13:30,180
2021-03-03 11:13:35,176
2021-03-03 11:13:40,170
2021-03-03 11:13:45,165
2021-03-03 11:13:50,161
2021-03-03 11:13:55,155
2021-03-03 11:14:00,150
2021-03-03 11:14:05,146
2021-03-03 11:14:10,140
2021-03-03 11:14:15,135
2021-03-03 11:14:20,131
2021-03-03 11:14:25,125
2021-03-03 11:14:30,120
2021-03-03 11:14:35,116
2021-03-03 11:14:40,110
2021-03-03 11:14:45,105
2021-03-03 11:14:50,101
2021-03-03 11:14:55,95
2021-03-03 11:15:00,90
2021-03-03 11:15:05,86
2021-03-03 11:15:10,80
2021-03-03 11:15:15,75
2021-03-03 11:15:20,71
2021-03-03 11:15:25,65
2021-03-03 11:15:30,60
2021-03-03 11:15:35,56
2021-03-03 11:15:40,50
2021-03-03 11:15:45,45
2021-03-03 11:15:50,41
2021-03-03 11:15:55,35
2021-03-03 11:16:00,30
2021-03-03 11:16:05,26
2021-03-03 11:16:10,20
2021-03-03 11:16:15,15
2021-03-03 11:16:20,15
2021-03-03 11:16:25,15
2021-03-03 11:16:30,15
2021-03-03 11:16:35,15
2021-03-03 11:16:40,15
2021-03-03 11:16:45,15
2021-03-03 11:16:50,15
2021-03-03 11:16:55,15
2021-03-03 11:17:00,15
2021-03-03 11:17:05,15
2021-03-03 11:17:10,15
2021-03-03 11:17:15,15
2021-03-03 11:17:20,15
2021-03-03 11:17:25,15
2021-03-03 11:17:30,15
2021-03-03 11:17:35,15
2021-03-03 11:17:40,15
2021-03-03 11:17:45,15
2021-03-03 11:17:50,15
2021-03-03 11:17:55,15
2021-03-03 11:18:00,15
2021-03-03 11:18:05,15
2021-03-03 11:18:10,15
2021-03-03 11:18:15,15
2021-03-03 11:18:20,15
2021-03-03 11:18:25,15
2021-03-03 11:18:30,15
2021-03-03 11:18:35,15
2021-03-03 11:18:40,15
2021-03-03 11:18:45,15
2021-03-03 11:18:50,15
2021-03-03 11:18:55,15
2021-03-03 11:19:00,15
2021-03-03 11:19:05,15
2021-03-03 11:19:10,15
2021-03-03 11:19:15,15
2021-03-03 11:19:20,15
2021-03-03 11:19:25,15
2021-03-03 11:19:30,15
2021-03-03 11:19:35,15
2021-03-03 11:19:40,15
2021-03-03 11:19:45,15
2021-03-03 11:19:50,15
2021-03-03 11:19:55,15
2021-03-03 11:20:00,15
2021-03-03 11:20:05,15
2021-03-03 11:20:10,15
2021-03-03 11:20:15,15
2021-03-03 11:20:20,15
2021-03-03 11:20:25,15
2021-03-03 11:20:30,15
2021-03-03 11:20:35,15
2021-03-03 11:20:40,15
2021-03-03 11:20:45,15
2021-03-03 11:20:50,15
2021-03-03 11:20:55,15
2021-03-03 11:21:00,15
2021-03-03 11:21:05,15
2021-03-03 11:21:10,15
2021-03-03 11:21:15,15
2021-03-03 11:21:20,15
2021-03-03 11:21:25,15
2021-03-03 11:21:30,15
2021-03-03 11:21:35,15
2021-03-03 11:21:40,15
2021-03-03 11:21:45,15
2021-03-03 11:21:50,15
2021-03-03 11:21:55,15
2021-03-03 11:22:00,15
2021-03-03 11:22:05,15
2021-03-03 11:22:10,15
2021-03-03 11:22:15,15
2021-03-03 11:22:20,15
2021-03-03 11:22:25,15
2021-03-03 11:22:30,15
2021-03-03 11:22:35,15
2021-03-03 11:22:40,15
2021-03-03 11:22:45,15
2021-03-03 11:22:50,15
2021-03-03 11:22:55,15
2021-03-03 11:23:00,15
2021-03-03 11:23:05,15
2021-03-03 11:23:10,15
2021-03-03 11:23:15,15
2021-03-03 11:23:20,15
2021-03-03 11:23:25,15
2021-03-03 11:23:30,15
2021-03-03 11:23:35,15
2021-03-03 11:23:40,15
2021-03-03 11:23:45,15
2021-03-03 11:23:50,15
2021-03-03 11:23:55,15
2021-03-03 11:24:00,15
2021-03-03 11:24:05,15
2021-03-03 11:24:10,15
2021-03-03 11:24:15,15
2021-03-03 11:24:20,15
2021-03-03 11:24:25,15
2021-03-03 11:24:30,15
2021-03-03 11:24:35,15
2021-03-03 11:24:40,15
2021-03-03 11:24:45,15
2021-03-03 11:24:50,15
2021-03-03 11:24:55,15
2021-03-03 11:25:00,15
2021-03-03 11:25:05,15
2021-03-03 11:25:10,15
2021-03-03 11:25:15,15
2021-03-03 11:25:20,15
2021-03-03 11:25:25,15
2021-03-03 11:25:30,15
2021-03-03 11:25:35,15
2021-03-03 11:25:40,15
2021-03-03 11:25:45,15
2021-03-03 11:25:50,15
2021-03-03 11:25:55,15
2021-03-03 11:26:00,15
2021-03-03 11:26:05,15
2021-03-03 11:26:10,15
2021-03-03 11:26:15,15
2021-03-03 11:26:20,15
2021-03-03 11:26:25,15
2021-03-03 11:26:30,15
2021-03-03 11:26:35,15
2021-03-03 11:26:40,15
2021-03-03 11:26:45,15
2021-03-03 11:26:50,15
2021-03-03 11:26:55,15
2021-03-03 11:27:00,15
2021-03-03 11:27:05,15
2021-03-03 11:27:10,15
2021-03-03 11:27:15,15
2021-03-03 11:27:20,15
2021-03-03 11:27:25,15
2021-03-03 11:27:30,15
2021-03-03 11:27:35,15
2021-03-03 11:27:40,15
2021-03-03 11:27:45,15
2021-03-03 11:27:50,15
2021-03-03 11:27:55,15
2021-03-03 11:28:00,15
2021-03-03 11:28:05,15
2021-03-03 11:28:10,15
2021-03-03 11:28:15,15
2021-03-03 11:28:20,15
2021-03-03 11:28:25,15
2021-03-03 11:28:30,15
2021-03-03 11:28:35,15
2021-03-03 11:28:40,15
2021-03-03 11:28:45,15
2021-03-03 11:28:50,15
2021-03-03 11:28:55,15
2021-03-03 11:29:00,0
2021-03-03 11:29:05,0
2021-03-03 11:29:10,0
2021-03-03 11:29:15,0
2021-03-03 11:29:20,0
2021-03-03 11:29:25,0
2021-03-03 11:29:30,0

